Date,SPX,AAPL,MSFT,NFLX,NVDA
02/01/2020,3244.669922,71.72100391,151.5668194,326.1000061,5.943832346
03/01/2020,3226.360107,71.94132056,151.127779,326.7799988,5.852962644
06/01/2020,3217.550049,71.12785848,149.9440697,323.1199951,5.783753145
07/01/2020,3241.860107,72.5926013,152.0823156,336.4700012,5.930138905
08/01/2020,3238.590088,71.94375885,151.7100458,331.4899902,5.968976357
09/01/2020,3266.030029,74.38418105,154.4878129,342,6.070799508
10/01/2020,3281.810059,75.19764374,155.4233354,337.1300049,6.157435974
13/01/2020,3271.129883,75.44941416,154.4114589,331.7999878,6.165651593
14/01/2020,3285.350098,76.67448227,155.9674338,344.3999939,6.230380898
15/01/2020,3282.27002,75.50026853,155.2323949,338.6799927,6.168887654
16/01/2020,3302.969971,75.92152831,156.8837817,343.5,6.167145654
17/01/2020,3323.659912,76.57036475,159.8143817,341,6.216438804
21/01/2020,3321.030029,76.7931013,159.1079884,340,6.16938708
22/01/2020,3330.02002,77.12961824,159.7952693,332.5499878,6.21793299
23/01/2020,3315.77002,76.96983874,158.640227,326.0400085,6.266729596
24/01/2020,3333.100098,77.53395326,159.9003043,348.4599915,6.410623745
27/01/2020,3247.159912,75.06689673,153.8291666,345.9500122,5.931133758
28/01/2020,3255.350098,75.68184344,156.3396873,345.8800049,6.045903528
29/01/2020,3289.459961,78.55078236,160.2152776,349,6.158930339
30/01/2020,3256.449951,77.60415773,166.1431723,341.1000061,6.01503291
31/01/2020,3282.330078,77.69857486,164.3867662,347.3900146,6.073786071
03/02/2020,3235.659912,73.67237946,162.6876217,347.2399902,5.867900557
04/02/2020,3280.610107,76.33794039,169.0927595,361,6.125070467
05/02/2020,3324.909912,78.32561339,175.669771,375.1300049,6.273449793
06/02/2020,3344.919922,78.09563507,172.7488003,369.6000061,6.277184879
07/02/2020,3335.540039,78.23244174,174.5434001,365.0400085,6.289632407
10/02/2020,3318.280029,76.24490381,175.2402235,365,6.286146488
11/02/2020,3365.870117,78.53093937,181.9890534,373.75,6.655099279
12/02/2020,3370.5,78.0140182,177.1493046,377.1799927,6.72206915
13/02/2020,3365.899902,78.67411426,174.762919,376.9599915,6.727049234
14/02/2020,3378.080078,78.80756785,174.9252189,381.4700012,7.151519655
18/02/2020,3369.040039,76.53124904,177.1780099,379.2999878,7.111188084
19/02/2020,3380.389893,77.65728501,180.0070353,388.1199951,7.505783739
20/02/2020,3380.449951,78.29556428,178.9445954,386.5599976,7.786605906
21/02/2020,3360.5,77.32238114,175.3264155,385.3299866,7.573002323
24/02/2020,3257.610107,72.13876947,160.5858728,364.7600098,6.726550733
25/02/2020,3238.939941,73.03425,166.7405429,372,6.878663084
26/02/2020,3139.899902,69.53481752,162.4428236,366.3099976,6.524148719
27/02/2020,3062.540039,68.21705893,156.3264374,371.4599915,6.349691582
28/02/2020,2916.899902,62.43161813,145.8836608,364.2099915,6.039805389
02/03/2020,2974.280029,68.50345329,158.2312217,373.1099854,6.897723581
03/03/2020,3096.459961,73.69434437,166.3576842,381.0299988,6.941815802
04/03/2020,3045.75,71.93976834,161.2750555,377.769989,6.730823615
05/03/2020,3075.699951,71.71652338,158.9395507,381,6.887759521
06/03/2020,2954.199951,68.43549185,155.646842,367.7000122,6.62819123
09/03/2020,2863.889893,64.00660076,144.5340208,343.8599854,5.976033501
10/03/2020,2813.47998,67.25606173,151.3873972,356.4299927,6.390543925
11/03/2020,2825.600098,67.31673592,150.4014552,358.9200134,6.363641753
12/03/2020,2630.860107,62.11126834,139.0780868,326.5,5.61632734
13/03/2020,2569.98999,64.28324335,141.1838649,330.5100098,5.74187439
16/03/2020,2508.590088,58.71619414,134.0050513,306.6300049,5.291242369
17/03/2020,2425.659912,60.06548111,134.0050004,306.1900024,5.004772651
18/03/2020,2436.5,58.18715326,132.0906705,302.3999939,4.984595962
19/03/2020,2393.47998,60.03636174,136.6564122,324.3299866,5.030929083
20/03/2020,2431.939941,59.98540325,139.7481123,342.3099976,5.455403602
23/03/2020,2290.709961,55.3502348,131.1430739,347.8900146,5.124343755
24/03/2020,2344.439941,57.35961698,137.5944378,369.9899902,5.704510043
25/03/2020,2457.77002,60.85177579,142.533468,361.019989,6.322289456
26/03/2020,2501.290039,59.82523081,142.0453165,344,6.325777178
27/03/2020,2555.870117,61.33712415,145.251877,359.0899963,6.227630276
30/03/2020,2558.97998,60.84934202,145.912328,363,6.361150122
31/03/2020,2614.689941,62.02876241,152.5742848,367.9299927,6.656090471
01/04/2020,2498.080078,59.82038104,146.4483699,376.0499878,6.3683755
02/04/2020,2458.540039,58.32547341,145.3571553,364.0799866,6.084145696
03/04/2020,2514.919922,58.92247157,148.4584035,367.4700012,6.326275877
06/04/2020,2578.280029,60.88815939,153.4548856,365.2200012,6.358162123
07/04/2020,2738.649902,65.71748491,162.3279481,380,6.907686468
08/04/2020,2685,63.76149282,158.5757995,374.0100098,6.561679979
09/04/2020,2776.98999,65.20786808,159.2362406,371.0599976,6.77566232
13/04/2020,2782.459961,65.11320728,157.3123369,371.3099976,6.490436618
14/04/2020,2805.100098,67.95012659,161.7632104,397.5,6.850392592
15/04/2020,2795.639893,68.53254657,163.8689779,413,6.905195744
16/04/2020,2799.340088,69.74109566,166.8362478,437,7.151312771
17/04/2020,2842.429932,69.08830567,171.8135576,431,7.423335146
20/04/2020,2845.620117,67.45264602,169.0664831,435.1700134,7.155298874
21/04/2020,2784.810059,67.04736147,166.0705115,444.769989,7.032489827
22/04/2020,2787.889893,66.39940915,164.0508351,429.730011,6.905943331
23/04/2020,2810.419922,66.94787572,166.6543722,419.2600098,7.170244839
24/04/2020,2812.639893,67.27063536,164.6921961,425,7.064624781
27/04/2020,2854.649902,68.3869525,169.0281973,425,7.348353959
28/04/2020,2909.959961,69.18293588,168.0709891,419.9899902,7.54788768
29/04/2020,2918.459961,69.09798241,165.802515,399.5299988,7.392695963
30/04/2020,2930.909912,70.36720105,172.2921142,410.3099976,7.380738028
01/05/2020,2869.090088,69.46687321,168.2720064,415.1000061,7.083306018
04/05/2020,2815.01001,70.17548911,167.0181203,417.7799988,6.996866919
05/05/2020,2868.879883,71.60487317,172.8856184,427.5599976,7.36031168
06/05/2020,2883.139893,72.91535293,174.2831099,429.2999878,7.396680537
07/05/2020,2878.26001,73.58511332,176.2836061,436.8900146,7.557354731
08/05/2020,2908.830078,74.3732136,177.0589461,434.1400146,7.666212723
11/05/2020,2915.459961,74.97182191,175.3072481,436.3299866,7.779558358
12/05/2020,2939.5,77.3394649,178.8009763,442,8.094425505
13/05/2020,2865.860107,75.95733196,174.7329905,435.6900024,7.889162511
14/05/2020,2794.540039,74.09823268,169.9374994,444.8999939,7.81368293
15/05/2020,2829.949951,73.08594333,171.3924253,440.7000122,7.861511297
18/05/2020,2913.860107,76.20552438,177.7959701,451.1600037,8.729144603
19/05/2020,2948.590088,76.65814339,177.1067526,453.3999939,8.758788332
20/05/2020,2953.629883,77.05961894,177.3888535,454.25,8.958821479
21/05/2020,2969.949951,77.54144308,177.955134,448.5599976,9.01910621
22/05/2020,2948.050049,76.83819763,175.8339249,437,8.793662419
26/05/2020,3004.080078,78.71917419,178.8574556,427.769989,9.123977154
27/05/2020,3015.649902,76.92823568,172.9639729,410.3800049,8.594130176
28/05/2020,3046.610107,77.08151818,173.4823279,417.2399902,8.382142568
29/05/2020,3025.169922,77.68501099,175.392402,417.4599915,8.523881647
01/06/2020,3038.780029,77.31998637,175.2100249,418.8299866,8.801633514
02/06/2020,3064.780029,78.05000523,176.8513623,425.8699951,8.764767488
03/06/2020,3098.899902,79.0014556,177.3984842,426.9500122,8.790674235
04/06/2020,3111.560059,78.93575986,176.8993583,422.3900146,8.70073045
05/06/2020,3163.840088,78.68268408,175.2868171,407.2900085,8.767023232
08/06/2020,3199.919922,80.3616931,178.4735186,416,8.849514298
09/06/2020,3213.320068,80.82159908,180.4507893,421.6499939,8.772504765
10/06/2020,3213.419922,84.65658514,183.455087,436,9.139106707
11/06/2020,3123.530029,84.99968557,185.374787,428.2000122,9.121410387
12/06/2020,3071.040039,83.88276702,182.8887706,429,9.133872474
15/06/2020,2993.76001,81.09170972,177.1681344,421.3999939,8.78770782
16/06/2020,3131,85.52285421,185.1444476,425.7600098,9.196177746
17/06/2020,3136.129883,86.42076456,187.1984868,441.8200073,9.085275187
18/06/2020,3101.639893,85.51069272,186.2098449,448.730011,9.198170198
19/06/2020,3140.290039,86.29666531,190.6155428,449.1199951,9.2136225
22/06/2020,3094.419922,85.49366152,187.9279515,455.0100098,9.270942581
23/06/2020,3138.699951,88.57429406,193.9749653,466.5,9.521158319
24/06/2020,3114.399902,88.81761198,193.5046701,468.5400085,9.446642176
25/06/2020,3046.600098,87.77127956,189.8572287,458.8599854,9.326517907
26/06/2020,3073.199951,88.67405701,191.7097393,466.3900146,9.470319529
29/06/2020,3018.590088,85.95844003,187.9183977,445.230011,9.14110193
30/06/2020,3050.199951,87.62040544,189.934037,450.019989,9.284898769
01/07/2020,3105.919922,88.84682302,194.9828237,454,9.491005232
02/07/2020,3143.639893,89.51113286,197.4208427,485.6400146,9.608884206
06/07/2020,3155.290039,90.03429319,200.4443228,480.769989,9.711313644
07/07/2020,3166.439941,91.35075504,201.9992432,497.3099976,9.915173456
08/07/2020,3153.070068,91.66952984,201.6345411,498.5799866,9.962527349
09/07/2020,3176.169922,93.69651909,207.6431492,508.3999939,10.34781724
10/07/2020,3152.469971,92.79370831,205.0420012,519.7299805,10.55566622
13/07/2020,3205.080078,94.67229242,205.8674414,567.9799805,10.56189714
14/07/2020,3141.110107,92.31191801,197.852756,517.0800171,10.0435241
15/07/2020,3225.97998,96.351305,201.1450489,516.2999878,10.38171424
16/07/2020,3208.360107,93.98850434,197.1520569,526.4799805,9.98370964
17/07/2020,3224.209961,94.4021914,196.2594104,494.8699951,10.19355333
20/07/2020,3224.290039,93.84736742,196.7681092,489.1400146,10.24214824
21/07/2020,3268.52002,96.5289347,205.0803941,506,10.48015265
22/07/2020,3254.860107,94.11503194,200.7994941,492.1900024,10.33510537
23/07/2020,3271.639893,94.41191627,198.8701764,491.1300049,10.41735061
24/07/2020,3218.580078,88.56212064,192.3720678,468.769989,9.844144632
27/07/2020,3219.840088,91.21203071,193.3799022,484.5100098,10.20028302
28/07/2020,3234.27002,91.8520228,195.4339404,496.019989,10.34183877
29/07/2020,3227.219971,91.25099251,194.3685201,492.25,10.35828485
30/07/2020,3231.76001,91.67681516,192.9287673,480.7099915,10.34258275
31/07/2020,3270.449951,100.1424778,196.1922042,488.2900085,10.53024647
03/08/2020,3288.26001,105.315794,203.0263325,490.8599854,10.69896881
04/08/2020,3289.919922,106.2234231,205.5698722,498.6499939,11.0154756
05/08/2020,3317.370117,106.4619012,206.2706,508.6799927,11.20886903
06/08/2020,3323.169922,107.4620197,203.8133978,504.1099854,11.31428844
07/08/2020,3340.050049,110.386058,206.2225953,505.4500122,11.27715857
10/08/2020,3356.040039,109.7961056,203.1702545,493.3500061,11.29883718
11/08/2020,3370.340088,109.1818107,198.8413916,479.75,11.03915214
12/08/2020,3355.459961,107.7459825,197.0464689,471.3399963,10.95641193
13/08/2020,3372.949951,111.5805591,201.0298245,478.3999939,11.50992638
14/08/2020,3368.659912,111.9705883,200.3771427,482.8200073,11.49397696
17/08/2020,3380.860107,113.1723944,201.1833877,484.1900024,11.81422176
18/08/2020,3387.040039,111.5049764,202.0760557,484.3500061,12.41110133
19/08/2020,3392.51001,113.0943713,203.4882747,493.9299927,12.25808179
20/08/2020,3360.47998,112.8676852,201.6120152,484.6900024,11.9375838
21/08/2020,3386.01001,116.2927034,205.768542,496.4599915,12.16362786
24/08/2020,3418.090088,125.4927569,206.6633528,495.4400024,12.84349763
25/08/2020,3435.949951,121.5923929,205.0372799,488.1900024,12.59128447
26/08/2020,3449.969971,123.0379705,209.6364469,492.5,12.75925827
27/08/2020,3485.139893,123.9765002,214.4569184,537.7800293,12.7415666
28/08/2020,3494.689941,122.874619,219.5467699,532,12.63539867
31/08/2020,3509.72998,124.4031006,218.4114387,521.1599731,13.1415617
01/09/2020,3507.439941,129.4541369,216.9777993,532.5999756,13.44190268
02/09/2020,3543.76001,134.1638554,219.3447082,553.7800293,14.66219455
03/09/2020,3564.73999,123.7497778,220.5955127,545,13.78966709
04/09/2020,3453.600098,117.0801225,206.9616754,520.1799927,12.74762169
08/09/2020,3371.879883,111.1125019,198.6870342,498.3999939,11.70133683
09/09/2020,3369.820068,114.3400789,199.7454159,519.210022,12.36495541
10/09/2020,3412.560059,117.3628949,205.3259276,503.3500061,12.95254066
11/09/2020,3352.699951,111.7170709,199.3605465,486.4899902,12.45021609
14/09/2020,3363.560059,111.8633184,196.5125289,480.6199951,13.04403248
15/09/2020,3407.72998,115.3834291,200.5344031,484,13.24246842
16/09/2020,3411.22998,112.3606419,202.6511511,499.9899902,12.92063138
17/09/2020,3346.860107,106.9878279,192.4810574,475.1600037,12.09796204
18/09/2020,3357.379883,107.6509305,195.1270331,472.5100098,12.55815918
21/09/2020,3285.570068,101.9368267,189.7292587,467.6900024,11.89129656
22/09/2020,3295.75,109.8741259,197.3015103,489.0100098,12.53946109
23/09/2020,3320.110107,108.8405198,200.0340793,491.0400085,12.5399602
24/09/2020,3226.139893,102.551138,192.2886616,470.5299988,12.03813281
25/09/2020,3236.659912,105.7299564,195.8486744,474.3900146,12.41232403
28/09/2020,3333.899902,112.1461166,202.9013278,489.1099854,13.00339646
29/09/2020,3350.919922,111.6975755,201.4291941,489.5,12.9009354
30/09/2020,3341.209961,110.9564744,199.870512,492.5700073,13.12031402
01/10/2020,3385.870117,114.7106227,205.4125372,506.0299988,13.71911884
02/10/2020,3338.939941,110.078913,200.1302948,516.4299927,13.18762368
05/10/2020,3367.27002,111.0735044,199.3797829,506.7999878,13.19859373
06/10/2020,3408.73999,112.8189304,200.9192882,518.7199707,13.79091446
07/10/2020,3384.560059,111.7658262,199.2258214,518,13.96018606
08/10/2020,3434.280029,113.355242,202.5452971,533.4799805,14.03522292
09/10/2020,3459.669922,112.409355,203.2380441,537.8300171,13.72809353
12/10/2020,3500.02002,117.0703592,210.5120341,548.8099976,13.94996249
13/10/2020,3534.01001,122.1506253,214.2933676,540.5599976,14.2560959
14/10/2020,3515.469971,117.9869472,214.5627553,562.6099854,14.25011098
15/10/2020,3453.719971,115.7637333,208.8860268,545.5200195,13.77171702
16/10/2020,3493.5,118.259969,211.8206183,549.5,13.99707838
19/10/2020,3493.659912,116.972846,212.0803319,537.0700073,13.86371055
20/10/2020,3439.379883,113.3064929,207.6351389,528.1400146,13.5451114
21/10/2020,3439.909912,113.7647765,205.0565748,501.0299988,13.58649341
22/10/2020,3438.5,114.5253406,205.8358979,494.6900024,13.48428384
23/10/2020,3464.899902,113.4917435,206.8942792,488.1099854,13.41198884
26/10/2020,3441.419922,111.1710084,205.7589574,487.0299988,13.38905354
27/10/2020,3403.149902,112.6141501,203.5844436,490.0100098,13.26839631
28/10/2020,3342.47998,112.1850972,199.8127741,486.3599854,13.1606997
29/10/2020,3277.169922,109.5718563,196.3489792,488.5,12.80221626
30/10/2020,3293.590088,108.2944604,195.8005379,502.0100098,12.81368403
02/11/2020,3296.199951,106.3930151,196.5606395,478.8699951,12.62197859
03/11/2020,3336.25,106.929335,196.1757825,484.9299927,12.67258603
04/11/2020,3406.459961,111.2977579,205.9224942,495.3599854,13.35141008
05/11/2020,3485.73999,115.0128783,213.6390604,506.5599976,14.12247619
06/11/2020,3508.340088,115.5727238,213.8507565,515,14.06987307
09/11/2020,3583.040039,117.7021241,215.9482353,485.5400085,14.51137203
10/11/2020,3543.26001,112.8670517,206.3843583,470.9500122,13.56804469
11/11/2020,3563.219971,114.4689691,204.354202,483,13.01685943
12/11/2020,3562.669922,116.8425385,208.9918083,491,13.44090659
13/11/2020,3552.570068,116.6667266,208.1739642,486.769989,13.58873684
16/11/2020,3600.159912,116.1588046,206.7403228,480,13.13527084
17/11/2020,3610.310059,116.7741703,207.923836,480.1199951,13.51419735
18/11/2020,3612.090088,115.8560093,206.104672,481.9500122,13.42719635
19/11/2020,3559.409912,114.8596842,203.9148719,482,13.17540855
20/11/2020,3579.310059,115.8852968,204.7058989,485.2200012,13.41597419
23/11/2020,3566.820068,114.4592027,203.5000281,490.4599915,13.13402595
24/11/2020,3594.52002,111.2651111,202.1880625,478.8399963,13.10535766
25/11/2020,3635.5,112.8670638,207.5131229,485.1300049,12.99566687
27/11/2020,3638.550049,113.8633641,207.2623212,486.5799866,13.33720008
30/11/2020,3634.179932,114.2540906,206.5387965,490.0799866,13.22751
01/12/2020,3645.870117,118.2002576,206.9343056,492.3399963,13.45411679
02/12/2020,3653.780029,119.1868208,207.2912304,501.6199951,13.31276886
03/12/2020,3668.280029,120.6519995,207.0307869,502.9899902,13.5531012
04/12/2020,3670.939941,119.7533556,206.6545872,497.5,13.41445288
07/12/2020,3694.72998,119.470096,206.7992529,500.0100098,13.56681786
08/12/2020,3683.050049,121.4822648,206.4133991,517.9000244,13.55060784
09/12/2020,3705.97998,121.6385326,207.5613451,510.5299988,13.266829
10/12/2020,3659.129883,117.7021088,204.2910903,494.5599976,12.83642109
11/12/2020,3656.080078,119.5873195,202.6318279,495,12.93441975
14/12/2020,3675.27002,119.753345,205.574141,505.4400024,13.05486585
15/12/2020,3666.409912,121.4529531,207.5710137,518.5,13.40572512
16/12/2020,3696.25,124.4516855,207.1658717,520.1099854,13.38852043
17/12/2020,3713.649902,125.9070689,212.1050337,529,13.33290988
18/12/2020,3722.389893,125.9656928,210.8701935,533.2000122,13.34512993
21/12/2020,3684.280029,122.1171509,209.8669285,530.0499878,13.04164753
22/12/2020,3698.080078,128.554197,214.825441,527.6900024,13.2855312
23/12/2020,3693.419922,129.0914078,215.2306021,524.7600098,13.22244265
24/12/2020,3694.030029,128.2708905,213.6003152,515.1199951,13.00424435
28/12/2020,3723.030029,130.878884,216.5232607,516.4299927,13.02943196
29/12/2020,3750.01001,134.8446048,218.3175766,519.9000244,12.8922791
30/12/2020,3736.189941,132.4319868,217.2757043,530.1300049,12.95736482
31/12/2020,3733.27002,130.9668102,213.8703832,525.5300293,13.10324637
04/01/2021,3764.610107,130.4198216,214.6710801,539,13.07107501
05/01/2021,3698.02002,125.8973076,209.5871776,521.5499878,13.06658709
06/01/2021,3712.199951,124.7544818,204.6769434,511.9700012,13.1890259
07/01/2021,3764.709961,125.3796007,206.4809345,508.2799988,12.93467181
08/01/2021,3815.050049,129.3551144,210.9570559,511.3099976,13.32867181
11/01/2021,3803.139893,126.1903525,210.7544987,507.8399963,13.38477824
12/01/2021,3801.620117,125.5163652,208.8540228,500,13.71768402
13/01/2021,3802.22998,125.7703199,206.4616481,495.5,13.45585043
14/01/2021,3814.97998,127.7629705,208.2848684,507.3500061,13.54063241
15/01/2021,3788.72998,125.7898706,205.9792843,500,13.1945112
19/01/2021,3781.879883,124.8130659,206.2011561,501,12.98329725
20/01/2021,3816.219971,125.672639,210.0116602,565.4199829,13.07855537
21/01/2021,3857.459961,130.6933065,216.7643879,582.4500122,13.38453181
22/01/2021,3844.23999,133.1156552,219.0603732,582.0999756,13.70521641
25/01/2021,3851.679932,139.7481039,221.0283348,567,13.74685751
26/01/2021,3862.959961,140.265754,223.6716279,554.7299805,13.54611914
27/01/2021,3836.830078,140.0997211,229.5947437,550.710022,13.19650759
28/01/2021,3755.75,136.2805073,227.289155,535.8800049,12.96334776
29/01/2021,3778.050049,132.67618,227.6557255,538,13.04190035
01/02/2021,3731.169922,130.6444619,226.7585674,536.789978,13.02020434
02/02/2021,3791.840088,132.5784601,232.7781837,542.0100098,13.36483136
03/02/2021,3840.27002,132.6077967,231.1092936,550.1699829,13.60147948
04/02/2021,3836.659912,133.1352482,234.0901728,539.8099976,13.4967439
05/02/2021,3878.300049,134.3613377,233.6753322,552.2600098,13.69025545
08/02/2021,3892.590088,133.070067,234.5628688,555,13.69249887
09/02/2021,3910.48999,133.647234,233.328057,546,14.30444553
10/02/2021,3920.780029,133.5102636,236.3475103,562.5,14.42663575
11/02/2021,3916.399902,132.9428706,236.1352969,564.4400024,14.9423266
12/02/2021,3911.649902,131.4266437,235.3153438,556.9400024,15.01189938
16/02/2021,3939.610107,132.5417955,236.3764454,557.289978,15.0261108
17/02/2021,3918.5,128.3940784,233.333669,550.9899902,15.13259175
18/02/2021,3915.860107,126.3887067,233.7977759,549,14.69171281
19/02/2021,3921.159912,127.4060571,235.683251,548,14.9864634
22/02/2021,3885.550049,125.2245743,229.5627222,534.9899902,14.73734837
23/02/2021,3857.070068,121.0670645,222.7073594,525,14.03961772
24/02/2021,3873.709961,122.2213846,222.3979748,539.7999878,14.08699869
25/02/2021,3915.800049,121.9670406,224.3994628,550.2700195,14.00994298
26/02/2021,3839.659912,119.922522,223.8676385,546.5100098,13.71768487
01/03/2021,3842.51001,121.0572759,228.0930123,545.5700073,13.83987402
02/03/2021,3903.639893,125.6158889,229.1663171,553.3400269,13.86481324
03/03/2021,3863.98999,122.0942224,224.4767936,545.9299927,13.39225873
04/03/2021,3818.530029,119.1007971,219.2361647,521.5,12.76834415
05/03/2021,3793.580078,118.3475486,221.9241982,511.980011,12.51822668
08/03/2021,3844.389893,118.2986465,223.7129656,514.460022,12.41848155
09/03/2021,3851.929932,116.4399811,225.1729885,507.3099976,12.10371732
10/03/2021,3891.98999,119.0421067,229.1566401,513.5,12.8124144
11/03/2021,3915.540039,119.87361,227.1841802,512.2000122,12.92167546
12/03/2021,3924.52002,117.7801574,226.2655467,512.5,12.62058306
15/03/2021,3942.959961,118.7681831,227.1841377,516.3200073,12.83660972
16/03/2021,3973.590088,122.9648456,228.4604873,524.4699707,13.32728514
17/03/2021,3949.570068,121.3507458,228.3347214,522,13.01122716
18/03/2021,3953.5,120.2062128,224.8635601,516.4000244,13.10776757
19/03/2021,3913.139893,117.2910589,223.3745095,504.9599915,12.72211228
22/03/2021,3916.47998,117.7117096,222.6493526,509.1300049,12.88450836
23/03/2021,3937.600098,120.6464225,229.6304503,529.8699951,13.22525896
24/03/2021,3919.929932,120.1475215,229.978491,533.7800293,13.1224855
25/03/2021,3879.340088,116.9388782,227.5128801,516.9899902,12.47215938
26/03/2021,3917.120117,117.7312604,223.8870313,502.8200073,12.52704147
29/03/2021,3969.310059,119.0029637,228.7601935,505.6600037,12.79220826
30/03/2021,3963.340088,117.4964834,225.801488,510.5100098,12.81390975
31/03/2021,3967.25,119.0029756,225.2019804,515.6699829,12.98703209
01/04/2021,3992.780029,120.9692509,230.5780062,529.9299927,13.54256467
05/04/2021,4034.439941,121.1746722,234.7259924,540.0100098,13.83716795
06/04/2021,4075.570068,123.7474358,239.4155002,544.8099976,13.9691266
07/04/2021,4074.290039,123.0920312,239.6088706,543.5,13.85038818
08/04/2021,4089.949951,126.1441298,244.4047401,551.1300049,14.22157703
09/04/2021,4096.109863,126.9756805,244.5014382,552.6900024,14.18291052
12/04/2021,4124.709961,129.6364239,246.2805426,551.0499878,14.25849467
13/04/2021,4130.100098,129.5581784,248.7461801,557,15.19818448
14/04/2021,4141.580078,132.0037882,248.9588745,554.8699951,15.59082594
15/04/2021,4139.759766,130.9081526,249.3939537,544.1699829,15.62824142
16/04/2021,4174.140137,131.3777368,250.8829872,550.539978,16.01788592
19/04/2021,4179.799805,130.6048983,251.5791642,546.9000244,15.5025179
20/04/2021,4159.180176,132.0820664,249.2876329,554.4199829,15.2897333
21/04/2021,4128.419922,129.4799598,250.370528,508,15.08568139
22/04/2021,4170.459961,130.1451477,251.5985058,513.8200073,15.34137105
23/04/2021,4138.779785,129.2842897,249.3456297,509.0100098,14.90158664
26/04/2021,4185.029785,131.8961966,253.0004942,506.7600098,15.1517868
27/04/2021,4188.25,132.0722637,252.9231399,512.6199951,15.54442476
28/04/2021,4185.140137,131.3874971,247.6051687,505.2000122,15.33089615
29/04/2021,4206.140137,133.5005065,247.0057035,507.6000061,15.3663172
30/04/2021,4198.100098,128.9125318,241.4750216,505,15.14131125
03/05/2021,4191.97998,129.1669007,245.0138848,512.6500244,15.09191692
04/05/2021,4179.040039,128.3353972,242.6642907,510.7799988,14.60523419
05/05/2021,4177.060059,126.3886854,240.8174836,504.9899902,14.6768279
06/05/2021,4169.140137,125.1071802,238.2938678,495.9899902,14.46354546
07/05/2021,4210.339844,128.2202078,243.8052426,504.6199951,14.77586
10/05/2021,4228.290039,126.809153,242.5676249,502,14.7549076
11/05/2021,4150.339844,121.0179332,236.4567672,479.75,13.79476233
12/05/2021,4130.549805,120.9199479,234.1555588,486.8299866,13.97885833
13/05/2021,4074.98999,122.076228,233.797786,489.1300049,14.00305252
14/05/2021,4129.580078,123.7126624,237.4526823,487.8599854,13.85961971
17/05/2021,4169.919922,124.2712033,238.390558,485.5899963,14.12603426
18/05/2021,4165.939941,124.0164371,238.1198469,488.3999939,14.23579479
19/05/2021,4098.450195,120.6847717,231.924468,481.6300049,13.53682433
20/05/2021,4121.970215,122.7131745,236.4310118,489.5499878,14.27121732
21/05/2021,4168.609863,125.2511151,239.9295785,503.1199951,15.13058138
24/05/2021,4170.160156,123.4774881,240.142753,501.0499878,15.17922616
25/05/2021,4205.939941,125.2511101,243.9999522,506,15.73151665
26/05/2021,4191.589844,124.408388,243.6704617,502.3399963,15.69983525
27/05/2021,4201.939941,123.8988592,243.4184578,501.7999878,15.66540844
28/05/2021,4210.77002,123.0463343,243.2537265,504.3999939,15.4670965
01/06/2021,4216.52002,122.5661819,243.4766488,504.0100098,16.23441447
02/06/2021,4206.819824,121.7822776,240.4722943,499.8200073,16.2167056
03/06/2021,4191.430176,122.1742092,237.6521005,495.1900024,16.66422359
04/06/2021,4206.049805,121.5764795,240.1136983,492,17.07506777
07/06/2021,4229.339844,123.6342755,242.2651582,492.9200134,17.53281738
08/06/2021,4233.810059,124.0556091,247.2853332,497,17.48891342
09/06/2021,4232.990234,124.653368,245.9770056,494.5,17.48144583
10/06/2021,4228.560059,124.4671771,246.4421922,487.1700134,17.31602098
11/06/2021,4242.899902,123.9870458,250.0279662,490,17.44526489
14/06/2021,4248.310059,125.2511145,249.9407339,489.6799927,17.8709274
15/06/2021,4255.279785,127.328489,251.7530394,501.230011,17.87991161
16/06/2021,4248.870117,127.7498662,251.394462,495,17.75590138
17/06/2021,4220.370117,127.1912706,248.1672501,490.25,17.73968963
18/06/2021,4204.779785,128.083057,251.6173624,496.3999939,18.74721309
21/06/2021,4173.399902,127.681248,251.8015193,501.6400146,18.39914281
22/06/2021,4224.609863,129.4744673,254.6119836,498.5400085,18.43532257
23/06/2021,4249.27002,131.0815551,257.7810326,508.480011,18.97051589
24/06/2021,4256.970215,131.7478669,257.9458306,517.960022,19.19009047
25/06/2021,4274.450195,130.7777863,258.0137126,528.8400269,19.24274028
28/06/2021,4284.899902,130.7287667,257.9749306,528.1199951,19.32332899
29/06/2021,4293.209961,132.0908083,260.5722508,533.5499878,19.8435595
30/06/2021,4290.649902,133.4333271,262.3360095,534.0599976,19.96008174
01/07/2021,4300.72998,133.8546368,261.2893816,525.7199707,20.08558148
02/07/2021,4326.600098,135.1285291,264.4003429,535.5,20.40021897
06/07/2021,4356.459961,137.2549193,269.4494883,533,20.69688025
07/07/2021,4351.009766,140.6551766,270.7772209,544.2399902,20.81265699
08/07/2021,4321.069824,138.7345798,268.3543971,530.9299927,19.81761072
09/07/2021,4329.379883,139.8810488,267.2108467,531,19.92340298
12/07/2021,4372.410156,143.2714949,270.5446858,540.2999878,20.20035899
13/07/2021,4381.069824,141.1353538,268.9552321,535.7600098,20.36054125
14/07/2021,4380.109863,145.1235498,273.6361941,541.0100098,20.31787461
15/07/2021,4369.02002,146.2406307,273.2969683,553.9699707,19.7729429
16/07/2021,4367.430176,145.4762806,273.3648716,541.8099976,18.99322926
19/07/2021,4296.399902,140.8609579,270.3216967,526.0499878,17.88015719
20/07/2021,4265.109863,140.5767681,269.4495408,526.0700073,18.69331902
21/07/2021,4331.129883,142.6051447,270.2926391,526.1300049,18.84501872
22/07/2021,4361.27002,143.0069083,275.0802292,510.2099915,19.60352651
23/07/2021,4381.200195,144.584599,278.5012802,512.1599731,19.61750292
26/07/2021,4409.580078,145.2901052,280.0809494,514.3800049,19.27317532
27/07/2021,4416.379883,146.1230282,280.4977246,518.0800171,19.22726721
28/07/2021,4402.950195,141.8996416,280.0711899,521.8200073,19.28116215
29/07/2021,4403.589844,141.7820931,277.4060957,519.960022,19.48076981
30/07/2021,4395.120117,141.4782768,276.3691729,512.6900024,19.37996708
02/08/2021,4406.859863,143.418497,277.5224506,519,19.66141195
03/08/2021,4392.740234,142.8795705,276.6114549,514.3900146,19.70133784
04/08/2021,4415.950195,144.3102343,277.3867273,513,19.95084693
05/08/2021,4408.859863,144.0260372,278.0264507,517.1300049,20.45984969
06/08/2021,4429.069824,143.6235749,279.6061307,524,20.48379848
09/08/2021,4437.77002,143.4763596,280.8077994,521.1500244,20.40595234
10/08/2021,4435.790039,143.7119057,279.887097,520,20.28219918
11/08/2021,4442.180176,143.329163,278.3462247,517,20.00374367
12/08/2021,4446.080078,143.4665443,277.7841141,511.8599854,19.83108509
13/08/2021,4464.839844,146.1947742,280.5461729,512.6400146,19.8660175
16/08/2021,4461.649902,145.7727651,284.1415989,515.2399902,20.09556587
17/08/2021,4462.120117,147.4312618,283.3663864,515.4699707,19.64644606
18/08/2021,4440.939941,147.0092938,283.5689351,520,19.4618085
19/08/2021,4382.439941,142.3281693,280.3161581,522.7399902,19.4558185
20/08/2021,4410.560059,144.6932477,291.0262511,545.0900269,19.95184363
23/08/2021,4450.290039,145.5470623,294.4537864,545.9799805,20.92992509
24/08/2021,4484.399902,146.6658104,296.1725117,551.4799805,21.71039595
25/08/2021,4490.450195,147.0190992,295.4733096,550.1599731,21.69442892
26/08/2021,4493.75,145.5862738,292.2593718,546.1599731,22.1565198
27/08/2021,4474.100098,144.7325047,290.3173786,551.5999756,22.14055275
30/08/2021,4513.759766,146.2241844,292.3855802,557.25,22.78528439
31/08/2021,4529.75,149.816004,295.589867,566.1199951,22.65454151
01/09/2021,4528.799805,149.9828384,294.0848539,569,22.44491553
02/09/2021,4534.47998,151.0034546,293.4342644,583.6799927,22.47785562
03/09/2021,4532.419922,150.8955276,292.2593565,585.7999878,22.28520603
07/09/2021,4535.379883,152.0829918,292.2787806,594.6900024,22.79229579
08/09/2021,4518.089844,154.0555253,291.084433,603.8400269,22.47286869
09/09/2021,4513.02002,152.5932509,292.0942923,606.4699707,22.27222792
10/09/2021,4506.919922,152.112426,289.7639829,598.1599731,22.30816363
13/09/2021,4474.810059,147.8238284,288.9191202,598.5700073,22.64356189
14/09/2021,4479.330078,147.5490472,290.8708381,584.8900146,22.23529083
15/09/2021,4447.490234,145.7923711,294.4635239,578.1699829,22.26923162
16/09/2021,4477.089844,145.6746263,294.9490263,584.2999878,22.14345578
17/09/2021,4469.740234,146.0475351,295.3471657,587.8499756,22.26024657
20/09/2021,4402.950195,141.1210942,287.7345744,586.789978,21.10830719
21/09/2021,4374.450195,141.2486197,287.1130387,578.3099976,21.37882269
22/09/2021,4367.430176,141.758946,288.1229361,579.6900024,21.32791399
23/09/2021,4406.75,143.9179958,290.181422,590.789978,22.10053372
24/09/2021,4438.040039,142.9464012,289.5794839,592.5,22.03065354
27/09/2021,4442.120117,142.7599472,287.5499735,587.9500122,21.6712995
28/09/2021,4419.540039,140.5812985,281.3939511,589,21.1761811
29/09/2021,4362.410156,139.8158497,276.830306,589.0100098,20.90267503
30/09/2021,4370.669922,140.9837014,277.4225366,608.0499878,20.73097878
01/10/2021,4317.160156,139.2564345,273.9367475,604.2399902,20.71301179
04/10/2021,4348.839844,139.1190367,279.0635505,613.3900146,20.46744818
05/10/2021,4309.870117,136.8913706,275.8107535,606.9400024,19.91443681
06/10/2021,4319.569824,136.871733,277.4905403,628.1799927,20.08413332
07/10/2021,4383.72998,140.3948487,286.6178391,642.2299805,21.05440352
08/10/2021,4406.509766,141.3467768,287.6276806,634.1699829,21.06338628
11/10/2021,4385.439941,139.6195722,284.4234658,633.2000122,20.53832464
12/10/2021,4368.310059,140.561692,286.7732798,633.0200195,20.79087118
13/10/2021,4358.009766,138.6087662,286.3557333,632.1799927,20.8807137
14/10/2021,4386.75,139.4625623,290.530997,632.2299805,21.25004973
15/10/2021,4447.689941,141.0916497,293.5702328,638,21.77111741
18/10/2021,4463.720215,140.7776001,294.7645805,632.0999756,21.71023188
19/10/2021,4497.339844,144.2712946,299.4059432,636.9699707,22.23629014
20/10/2021,4524.419922,145.9297898,300.2409715,625.5700073,22.26524205
21/10/2021,4532.240234,146.0377199,298.2601385,628.8900146,22.05760601
22/10/2021,4546.120117,146.9013227,301.3964667,651.8099976,22.78231687
25/10/2021,4553.689941,145.9101741,300.3865026,663.7399902,22.9320495
26/10/2021,4578.689941,146.5480468,301.9789444,673.7600098,23.94623457
27/10/2021,4580.220215,146.5774894,306.8340429,669,24.43037129
28/10/2021,4562.839844,147.028908,314.9223641,670.9500122,24.83364846
29/10/2021,4572.870117,144.4773401,314.7281824,673.0599976,24.95643231
01/11/2021,4610.620117,146.2143612,321.7483992,689.0599976,25.603276
02/11/2021,4613.339844,145.8905551,320.7289233,683.1099854,25.7759651
03/11/2021,4630.649902,147.5883027,324.2147844,677.2700195,26.62245886
04/11/2021,4662.930176,148.7561347,323.2340759,685.8900146,27.18046323
05/11/2021,4699.259766,149.2778854,328.6911416,663.9699707,30.13318911
08/11/2021,4701.47998,148.8061487,327.5161546,650.289978,30.09525897
09/11/2021,4707.25,147.616951,327.3316182,653.7000122,32.22445741
10/11/2021,4670.259766,147.4400511,324.8653464,653.0100098,29.30366948
11/11/2021,4659.390137,146.3982927,321.6415883,650.2399902,30.41368694
12/11/2021,4655.240234,145.8774138,324.2341416,660.0100098,29.95650321
15/11/2021,4689.299805,147.7840577,327.7492002,681.2399902,30.49753851
16/11/2021,4679.419922,147.3614601,325.9431262,678.2700195,29.70595162
17/11/2021,4701.5,148.4032335,329.7107117,690,30.36377655
18/11/2021,4700.720215,151.0666119,328.9713477,691.6099854,32.30930184
19/11/2021,4708.439941,154.9388492,333.3099165,692.3499756,32.18552672
22/11/2021,4712,158.8995234,335.2359617,676.0200195,33.45725077
23/11/2021,4678.47998,158.3491646,327.872105,658.1799927,31.47878684
24/11/2021,4675.779785,157.9855071,327.1231203,658.0100098,31.40492721
26/11/2021,4664.629883,156.8258106,325.2457309,675,32.54188487
29/11/2021,4628.75,156.6292654,325.819548,663.2000122,32.30831117
30/11/2021,4640.25,157.2385959,326.1892562,668.2000122,33.10988493
01/12/2021,4602.819824,164.5997727,326.0044874,649.4799805,33.16384704
02/12/2021,4504.72998,156.0101124,321.3059468,617.0999756,31.16217034
03/12/2021,4589.490234,161.1992955,322.949934,622.75,31.94686742
06/12/2021,4548.370117,161.4646586,315.1288356,606.0100098,29.83039029
07/12/2021,4631.970215,166.1722987,322.6095164,619.8300171,30.90560083
08/12/2021,4690.859863,169.1698119,326.1795848,630,31.94587021
09/12/2021,4691,171.9020008,325.3040506,627.5800171,31.68130691
10/12/2021,4687.640137,172.1968785,325.8585076,616.7800293,31.09827855
13/12/2021,4710.299805,178.005211,331.4032865,612,30.19877702
14/12/2021,4642.990234,172.2361774,324.1464452,598.710022,27.65300826
15/12/2021,4636.459961,172.0985617,319.6619664,598.1799927,28.35284498
16/12/2021,4719.129883,176.1968397,326.5686202,597.0900269,31.10027705
17/12/2021,4652.5,167.0076558,312.1424687,591.6099854,27.93853536
20/12/2021,4587.899902,165.3860133,311.3350249,586.4299927,27.25966526
21/12/2021,4594.959961,168.6096446,314.4868192,597.539978,28.32688761
22/12/2021,4650.359863,170.0641531,319.3603567,603.3599854,28.8430311
23/12/2021,4703.959961,172.8258305,323.6892094,616.4000244,29.70559864
27/12/2021,4733.990234,174.0445495,326.3254989,615,29.61075509
28/12/2021,4795.490234,177.0617288,333.8060514,614.9500122,31.26001011
29/12/2021,4788.640137,176.2460076,332.0064086,610.710022,30.22273486
30/12/2021,4794.22998,176.3836006,332.599793,612.9899902,29.77747575
31/12/2021,4775.209961,175.0273277,329.2923558,610.0100098,29.62472733
03/01/2022,4778.140137,174.7718053,326.2184336,605.6099854,29.76549602
04/01/2022,4804.509766,179.4892385,325.7125856,599.9099731,30.22672802
05/01/2022,4787.990234,176.5211971,316.9868564,592,28.90093258
06/01/2022,4693.390137,169.7300121,304.6229056,554.3400269,27.59410543
07/01/2022,4697.660156,169.9167255,305.5957295,549.460022,28.09427793
10/01/2022,4655.339844,166.1722734,301.0626233,538.4899902,26.53686329
11/01/2022,4669.140137,169.3565468,304.8466991,536.9899902,27.27763373
12/01/2022,4728.589844,173.0911872,310.9653868,544.2700195,28.0203949
13/01/2022,4733.560059,172.7570482,311.7436252,537.0599976,28.33187978
14/01/2022,4637.990234,168.3934142,295.9653019,517.5999756,26.25633213
18/01/2022,4632.240234,168.5604823,295.7901905,520.0800171,26.21639673
19/01/2022,4588.029785,167.0764782,297.9497947,515,26.03569993
20/01/2022,4547.350098,164.1083862,300.6540446,517.75,25.26198658
21/01/2022,4471.379883,161.5924326,294.4477683,400.4299927,23.4679684
24/01/2022,4356.319824,157.2681008,284.2434311,383.9100037,22.29292497
25/01/2022,4366.640137,156.2459662,283.5819529,379.1400146,22.50856157
26/01/2022,4408.430176,160.6882318,299.6034294,378.269989,23.20141141
27/01/2022,4380.580078,159.6562905,294.4186033,382.0599976,23.5288682
28/01/2022,4336.189941,162.8602288,292.054747,386.7600098,21.97545198
31/01/2022,4431.790039,167.2337028,300.5373323,401.9700012,23.14350916
01/02/2022,4519.569824,171.0175205,301.9575426,432.9599915,25.06231753
02/02/2022,4566.390137,171.7447886,301.1988333,448.25,25.75117005
03/02/2022,4535.410156,171.4794047,301.0625506,421.4400024,24.41738895
04/02/2022,4482.790039,168.9425193,292.0353001,407.3099976,23.93219958
07/02/2022,4505.75,170.1037297,297.8330183,410.1700134,24.33153513
08/02/2022,4480.02002,168.9917515,293.0469792,398.1799927,24.31855581
09/02/2022,4547,173.2428336,301.4322704,408.6499939,25.57945596
10/02/2022,4553.240234,171.3633138,295.7610115,402.1000061,25.95183588
11/02/2022,4506.27002,169.5821687,294.934174,405.3299866,25.87297
14/02/2022,4412.609863,164.7012321,285.7706149,387.5899963,23.89425831
15/02/2022,4429.279785,168.2438486,291.8407421,403.7900085,24.90757523
16/02/2022,4455.75,169.1098553,290.8455442,401.5299988,26.2154014
17/02/2022,4456.060059,168.3028759,288.8862496,394.2399902,25.58744316
18/02/2022,4384.569824,167.1122078,285.6597307,392.5299988,24.62703857
22/02/2022,4332.740234,162.3493702,277.8127651,388.9500122,22.99675187
23/02/2022,4324.930176,162.900436,282.8621155,382.7200012,23.76248226
24/02/2022,4155.77002,150.1470804,265.6376972,355.0899963,20.98010658
25/02/2022,4298.379883,161.2275154,287.6969969,386.6099854,23.68161121
28/02/2022,4354.169922,160.4599561,286.8879425,387.3299866,23.9521658
01/03/2022,4363.140137,162.0738147,288.9252563,391.6000061,24.25067229
02/03/2022,4322.560059,161.7687625,287.9114481,388.9299927,23.7205936
03/03/2022,4401.310059,165.783741,295.2515955,386,24.22584118
04/03/2022,4342.120117,161.867197,286.8684449,368,23.34915347
07/03/2022,4327.009766,160.7551936,281.253674,360.4100037,22.78299589
08/03/2022,4202.660156,156.287581,270.7943305,349.7999878,21.27724489
09/03/2022,4223.100098,158.9051534,276.2920649,357.6900024,22.35363932
10/03/2022,4252.549805,157.6455909,275.8826523,356.2000122,22.49741792
11/03/2022,4279.5,156.3958295,280.6980284,361.1900024,22.98769118
14/03/2022,4202.75,149.0351053,273.2702083,338.7200012,21.83640834
15/03/2022,4188.819824,148.4938731,273.2800058,335.1000061,21.48592936
16/03/2022,4288.140137,154.5458258,281.8190675,348.2000122,23.46497953
17/03/2022,4345.109863,156.0809388,285.8936728,359.7000122,24.08405634
18/03/2022,4407.339844,157.9506242,287.921155,372,24.76204355
21/03/2022,4462.399902,160.9027883,291.3524508,378.019989,26.46749945
22/03/2022,4469.100098,162.8709092,292.2395107,371.1400146,26.68716502
23/03/2022,4493.100098,165.3113839,292.9316131,379.769989,26.087062
24/03/2022,4469.97998,168.3324339,291.5961228,379.7600098,26.12700323
25/03/2022,4522.910156,171.1074643,297.5325355,377.0700073,27.8444451
28/03/2022,4541.089844,169.4247177,296.6552409,375.230011,27.71463728
29/03/2022,4602.859863,173.8726519,305.993608,384.3900146,28.65223795
30/03/2022,4624.200195,175.703017,305.8474309,389.5499878,28.26182229
31/03/2022,4599.02002,175.004345,305.9839066,383.5899963,27.74059378
01/04/2022,4540.319824,171.2550445,301.5681864,376.7999878,27.33420367
04/04/2022,4547.970215,171.7864695,302.2699782,373.5499878,26.68816723
05/04/2022,4572.450195,174.669758,305.3697818,389.2999878,27.21338928
06/04/2022,4494.169922,169.6116968,297.493561,374.1499939,24.89683955
07/04/2022,4474.649902,168.4308331,289.1786849,365,24.40457717
08/04/2022,4494.149902,169.0409544,292.8632968,361.9599915,23.88135818
11/04/2022,4462.640137,166.0198795,284.4315149,350,22.18089473
12/04/2022,4437.589844,165.3408936,281.9457617,355.9100037,22.50341591
13/04/2022,4394.299805,164.720938,275.6000323,343.9200134,21.6956217
14/04/2022,4449.120117,167.8994331,280.8247753,350.9500122,22.47145968
18/04/2022,4385.629883,161.3063007,271.8762949,340,21.16840839
19/04/2022,4390.629883,162.3887186,272.3344735,333.2200012,21.68763061
20/04/2022,4472.259766,166.0690638,282.1017411,245.1999969,22.48344688
21/04/2022,4489.169922,166.2166896,281.3024038,220,21.67664449
22/04/2022,4385.830078,163.8057695,274.5763949,220.1799927,20.27274387
25/04/2022,4255.339844,158.5509212,266.3980363,213.8099976,19.17338542
26/04/2022,4278.140137,159.6629007,270.5018646,208.8000031,19.68861455
27/04/2022,4186.52002,153.4239913,274.9858861,194.0099945,18.570282
28/04/2022,4222.580078,156.7107311,277.9979262,191.5599976,18.93873362
29/04/2022,4253.75,159.2594381,281.3316225,198.6799927,19.37308489
02/05/2022,4130.609863,154.211231,270.7065196,191.7100067,18.51336698
03/05/2022,4159.779785,155.6282477,276.7989361,198.2899933,19.3710896
04/05/2022,4181.180176,157.1240626,275.4634656,197.6499939,19.8933089
05/05/2022,4270.430176,161.2374048,278.3391146,200.4499969,19.83739418
06/05/2022,4128.169922,153.7479673,267.8796662,186.75,18.70807903
09/05/2022,4081.27002,152.6835755,263.2494978,177.6600037,18.00712194
10/05/2022,4035.179932,153.2650797,264.8384179,176.0099945,17.66263494
11/05/2022,3990.080078,151.2743755,258.9799585,176.0899963,17.32114548
12/05/2022,3903.949951,140.6999274,251.1914312,163.9600067,16.19483113
13/05/2022,3963.899902,142.4935391,250.859997,177.1600037,16.76298551
16/05/2022,4013.02002,143.4396437,253.404178,193.3000031,17.48290937
17/05/2022,4052,146.7016158,259.3990703,189.1699982,18.04706284
18/05/2022,4051.97998,144.7207814,256.9646291,186.7200012,17.67861704
19/05/2022,3899,137.851836,248.0734561,178.0500031,16.91175675
20/05/2022,3927.76001,137.0732827,251.3368168,185.8699951,17.30617243
23/05/2022,3919.419922,135.7921475,249.6269576,186.1499939,16.24974554
24/05/2022,3942.939941,138.7683319,251.9719354,182,16.48539902
25/05/2022,3929.590088,136.4228814,252.216114,180.2799988,15.99612469
26/05/2022,3984.600098,135.3979043,256.2513624,186.4900055,16.01210224
27/05/2022,4077.429932,143.2819734,262.3188885,193.1900024,18.15890175
31/05/2022,4151.089844,146.9085913,266.2759002,196.1799927,18.95171423
01/06/2022,4149.779785,147.7265202,268.8846598,198.6999969,18.69609707
02/06/2022,4095.409912,145.6865807,258.38136,192.0200043,18.26473771
03/06/2022,4137.569824,144.7700449,264.1069313,200.1399994,19.05356633
06/06/2022,4134.720215,144.8981367,265.8167112,202.0899963,19.11047781
07/06/2022,4096.470215,142.2570044,260.5211034,194.8699951,18.44447086
08/06/2022,4147.120117,146.4257029,265.4747453,197.9499969,18.77494949
09/06/2022,4101.649902,144.947433,261.6349374,200.6499939,18.45736438
10/06/2022,3974.389893,138.2460294,254.6001619,182.6399994,17.57748634
13/06/2022,3838.149902,130.9434551,239.485196,177.0700073,15.97953272
14/06/2022,3763.52002,131.1997132,238.2638776,169.75,15.71087537
15/06/2022,3764.050049,132.342869,242.6117334,169.2599945,16.07441273
16/06/2022,3728.179932,130.1649096,240.335221,174,15.83971079
17/06/2022,3665.899902,128.1840794,239.0845733,173.6300049,15.62798327
21/06/2022,3715.310059,131.4854899,244.5169635,177.6000061,16.45392804
22/06/2022,3733.889893,132.8356344,246.109602,170.75,16.20524571
23/06/2022,3774.709961,134.8362246,249.7051829,180.5,16.49786724
24/06/2022,3821.75,137.8715274,255.8019733,183.5,16.47889482
27/06/2022,3920.76001,140.6309321,262.0550997,191.7700043,17.28985578
28/06/2022,3913,140.0692206,257.922142,189.1999969,16.8783804
29/06/2022,3825.090088,135.4669476,251.6787647,179.5500031,15.79377094
30/06/2022,3785.98999,135.2599545,251.1512014,177.0700073,15.34135061
01/07/2022,3781,134.0674923,250.5063098,176.4900055,14.87994162
05/07/2022,3792.610107,135.7724358,250.2816055,176.2799988,14.15686824
06/07/2022,3831.97998,139.3005347,257.6974433,185.1999969,14.99080081
07/07/2022,3858.850098,141.2123827,259.0359333,184.2700043,15.43622803
08/07/2022,3888.26001,143.1538299,258.713536,186.0200043,15.41026329
11/07/2022,3880.939941,143.5578891,259.5537648,184.7299957,15.5061401
12/07/2022,3851.949951,143.6465611,259.7785652,177.3300018,15.24846792
13/07/2022,3779.669922,140.9167416,244.4485924,170.5,14.57133759
14/07/2022,3763.98999,141.9909289,244.8198821,175.5599976,15.08867464
15/07/2022,3818,147.6083006,249.851714,175.5800018,15.63896862
18/07/2022,3883.790039,148.5543772,253.7891899,192.5,16.28114932
19/07/2022,3860.72998,145.7752789,251.6689864,193.0200043,16.46490934
20/07/2022,3935.320068,148.9288851,253.9358257,208.1699982,16.92531937
21/07/2022,3955.469971,152.2598678,253.8283205,214.3000031,17.86212472
22/07/2022,3998.429932,153.136943,259.1531638,222.3800049,17.87010958
25/07/2022,3965.719971,151.7769279,255.0105355,221.3099976,16.9972293
26/07/2022,3953.219971,150.0523202,253.8966629,216.6600037,16.86739392
27/07/2022,3951.429932,150.3677127,255.1668369,216.4799957,17.01021263
28/07/2022,4026.129883,154.703897,263.5597557,224.6000061,17.95200736
29/07/2022,4087.330078,158.9021571,271.32733,223.2899933,17.79021215
01/08/2022,4112.379883,158.6754473,271.4445763,223.1000061,18.15874232
02/08/2022,4104.209961,157.7786632,269.6662806,222.7599945,18.09881587
03/08/2022,4107.959961,158.50793,270.4088661,224.7899933,18.16073712
04/08/2022,4154.850098,163.6029809,275.3331952,227.6799927,18.82489099
05/08/2022,4115.870117,161.0670088,272.7440606,225.3000031,18.78593457
08/08/2022,4155.930176,164.1854739,277.5315608,227.4900055,17.47961266
09/08/2022,4133.109863,161.8663704,273.2227847,231.6199951,17.22993215
10/08/2022,4181.02002,165.478293,281.5570507,236.9900055,17.675359
11/08/2022,4227.399902,167.827057,284.1755359,244.6799927,18.10780377
12/08/2022,4225.02002,167.5901944,281.8598711,244.8099976,18.13676874
15/08/2022,4269.370117,169.267869,284.322063,248.1100006,18.67707822
16/08/2022,4290.459961,170.511324,285.2893194,247.1600037,18.89579869
17/08/2022,4280.399902,170.5014454,283.6918867,241.1799927,18.4993017
18/08/2022,4273.129883,171.4685852,284.1324868,241.9600067,18.27758712
19/08/2022,4266.310059,170.7580356,282.8693838,240.9499969,18.38245671
22/08/2022,4195.080078,167.4618943,276.1917803,232.5500031,17.46762692
23/08/2022,4133.089844,164.8861705,270.6695251,226.4600067,16.96726944
24/08/2022,4126.549805,165.1230423,269.661039,225.6600037,16.990236
25/08/2022,4153.259766,166.5638526,271.5409151,230.2400055,16.82245786
26/08/2022,4198.740234,168.3303593,273.2544186,233.6300049,17.83415785
29/08/2022,4034.580078,159.034026,260.3006263,221.9299927,15.99950814
30/08/2022,4041.25,160.0011616,261.1035213,226.6600037,15.93958482
31/08/2022,4000.669922,158.2050631,259.8502412,227,15.36432077
01/09/2022,3936.72998,154.58322,253.4663093,220.7200012,14.19082371
02/09/2022,3994.659912,157.6524134,256.2372188,231.0299988,14.0819639
06/09/2022,3930.889893,154.4154753,250.8520254,225.5899963,13.7134344
07/09/2022,3909.429932,152.787155,249.3833097,220.2100067,13.54967551
08/09/2022,3959.939941,152.6095293,252.134669,224.1600037,13.44577696
09/09/2022,4022.939941,153.428634,255.0622458,229.6199951,14.14309114
12/09/2022,4083.669922,157.4945126,260.2320581,233.6100006,14.35488424
13/09/2022,4037.120117,157.8004344,253.4369223,226.5,13.78844048
14/09/2022,3940.72998,152.7575298,248.237761,219.8200073,13.24097747
15/09/2022,3932.409912,152.6193698,244.5562348,230.4700012,13.00221386
16/09/2022,3880.949951,149.2245503,239.1612345,231.2200012,12.72948146
19/09/2022,3849.909912,147.3495003,237.4086369,245.0500031,12.99921624
20/09/2022,3875.22998,151.385785,237.01695,240.3699951,13.20201762
21/09/2022,3871.399902,155.2740779,239.171069,242.6699982,13.20002026
22/09/2022,3782.360107,150.3791929,232.9046255,235.3500061,13.05715809
23/09/2022,3727.139893,149.2048341,234.539777,235.1399994,12.40779677
26/09/2022,3682.719971,147.694888,232.1017334,225.6000061,12.47872835
27/09/2022,3686.439941,150.7344617,234.9705839,228.6300049,12.49471299
28/09/2022,3651.939941,145.7014482,231.8667717,229.6900024,12.39780791
29/09/2022,3687.01001,144.1816392,233.9033426,241.6100006,12.43577209
30/09/2022,3633.47998,139.4249206,233.3158785,237,12.07512623
03/10/2022,3609.780029,136.395257,230.49598,237.8500061,12.33487125
04/10/2022,3726.459961,143.125683,239.9739196,244.8399963,12.86634608
05/10/2022,3753.25,142.1783139,240.855138,238.7599945,12.89831543
06/10/2022,3771.969971,143.8954315,242.7546304,236.6799927,13.20701245
07/10/2022,3706.73999,140.6683922,235.8713841,235.7700043,12.49271396
10/10/2022,3647.51001,138.5762024,228.1852498,225.6399994,12.02517407
11/10/2022,3595.860107,138.0630697,222.868602,226.0500031,11.54964138
12/10/2022,3590.830078,137.3031798,220.6949587,214.3000031,11.56762564
13/10/2022,3520.370117,133.2175599,215.2607993,212.6900024,10.96022027
14/10/2022,3690.409912,142.4151642,230.6232643,237.8000031,12.04515451
17/10/2022,3638.649902,139.2176985,230.8974501,234.4100037,11.50668444
18/10/2022,3746.26001,143.5796616,238.1625457,249.8000031,12.33187357
19/10/2022,3703.110107,139.829564,232.0919481,265,11.86732977
20/10/2022,3689.050049,141.1420653,230.8484777,272.7799988,12.10110039
21/10/2022,3657.100098,140.9940384,229.8399654,268.9500122,12.08611402
24/10/2022,3762.01001,145.2573508,238.6717126,290.230011,12.49571109
25/10/2022,3799.439941,148.1192499,242.0986216,286.9500122,12.68153006
26/10/2022,3825.969971,148.9778685,226.3444857,290.0400085,12.8563574
27/10/2022,3834.689941,146.1257954,226.2172124,298.3299866,13.61660988
28/10/2022,3808.26001,146.2540636,221.51741,297.7000122,13.09112554
31/10/2022,3881.850098,151.1489546,228.8804191,295.1300049,13.76446295
01/11/2022,3901.790039,153.0437302,229.7029061,296.1700134,13.7974309
02/11/2022,3852.899902,146.9942447,224.6701865,286.3999939,13.83639431
03/11/2022,3733.25,140.1946957,215.4957856,271.25,13.03018609
04/11/2022,3766.97998,140.4569019,213.008807,272.019989,13.97226153
07/11/2022,3780.709961,135.5341543,217.3561237,261.0599976,14.21402092
08/11/2022,3817.02002,138.7961967,223.9260797,259.9200134,14.78645994
09/11/2022,3810.939941,136.9081535,222.6238016,259.6600037,14.14808788
10/11/2022,3859.889893,139.6166938,230.5155569,265.9899902,14.78546104
11/11/2022,3963.719971,144.1440359,237.9177436,274.4700012,15.79147024
14/11/2022,3977.969971,147.2578472,236.9386455,290,16.20206578
15/11/2022,4006.409912,150.4704734,240.5320284,309.2000122,16.7055686
16/11/2022,3976.820068,147.4159834,238.39187,309.9400024,16.14612236
17/11/2022,3919.26001,144.7470297,233.4726408,294.7200012,15.69956194
18/11/2022,3966.389893,150.5594437,239.0988368,297.3299866,15.95031276
21/11/2022,3956.22998,148.4341359,237.0565043,291,15.1321193
22/11/2022,3965.51001,146.427507,239.1773613,284.9899902,15.312941
23/11/2022,4000.300049,147.7323036,240.6698507,285.9100037,16.08218729
25/11/2022,4023.340088,146.6054284,242.8300125,289,16.30197006
28/11/2022,4005.360107,143.471848,241.6222743,284,16.01025583
29/11/2022,3964.189941,142.6316058,237.0270343,282.5,15.81145032
30/11/2022,3957.179932,139.7748396,236.2121002,281.3699951,15.68559018
01/12/2022,4087.139893,146.5065814,249.2711411,303.9899902,16.98664442
02/12/2022,4040.169922,144.282417,245.2945453,310.4899902,16.64689196
05/12/2022,4052.02002,146.071645,247.4448426,316.4599915,16.66688101
06/12/2022,3996.629883,145.3796778,246.2764137,311,16.51798646
07/12/2022,3933.280029,140.5557473,240.3949263,306.5,15.76053828
08/12/2022,3947.790039,140.723792,240.4047269,309.1099854,16.26117583
09/12/2022,3954.169922,140.7040317,240.2672847,321.4500122,17.14752849
12/12/2022,3939.290039,141.0598951,242.96747,320,17.02461956
13/12/2022,4069.379883,147.7817458,256.9494957,328,18.51753255
14/12/2022,4015.540039,143.6794447,252.4721198,318.9700012,17.97392602
15/12/2022,3958.370117,139.4881526,249.123892,302.1199951,17.1335355
16/12/2022,3890.909912,135.1189876,244.0475385,288.7600098,16.85174244
19/12/2022,3853.790039,133.5571156,240.4243857,289.730011,16.55995525
20/12/2022,3810.469971,129.8798744,235.0632819,281.2399902,16.05232049
21/12/2022,3839.48999,131.4516214,237.3118112,289.9899902,16.10229006
22/12/2022,3853.26001,132.80588,236.8895776,298.0899963,16.08230167
23/12/2022,3815.110107,129.4152838,231.8328768,296.1799927,15.18495524
27/12/2022,3843.340088,129.8700279,234.3759662,293.1900024,15.06304527
28/12/2022,3829.560059,128.1796536,232.5987588,281.9200134,13.91687687
29/12/2022,3805.449951,126.5189777,231.3811997,283.1799927,14.39153213
30/12/2022,3829.060059,126.9341566,233.8948571,285.5299988,14.32358112
03/01/2023,3853.290039,128.7826412,238.6766339,298.0599976,14.84020566
04/01/2023,3840.360107,125.4316146,228.0722777,298.2399902,14.55641336
05/01/2023,3839.73999,125.668849,223.0842692,307,14.48046563
06/01/2023,3823.370117,124.5617315,218.9603615,311.5700073,14.46347946
09/01/2023,3910.820068,128.9704584,222.3478609,316.8299866,15.27289122
10/01/2023,3888.570068,128.7628939,223.6341406,311.0700073,15.49572979
11/01/2023,3932.350098,129.7415043,227.100168,326.5,15.82848617
12/01/2023,3977.570068,132.3412778,230.9982658,332.5,16.08829808
13/01/2023,3960.600098,130.5125172,232.7067325,329.9700012,16.2661661
17/01/2023,3999.280029,133.280351,233.6592024,331.0799866,16.88672051
18/01/2023,4002.25,135.2475023,237.1939824,326.75,17.65416051
19/01/2023,3911.840088,132.5389913,229.5450853,322.5700073,17.0236182
20/01/2023,3909.040039,133.7251869,230.6055489,336.7900085,16.99863717
23/01/2023,3978.139893,136.5325341,236.7324985,341.7200012,18.05087123
24/01/2023,4001.73999,138.6973748,238.1071456,357.5299988,18.81331429
25/01/2023,3982.709961,139.2707006,230.2324129,360.5700073,18.89925428
26/01/2023,4036.080078,141.5244912,239.2363011,368.769989,19.68668267
27/01/2023,4053.719971,141.5146244,244.4795783,363.2000122,19.44785516
30/01/2023,4049.27002,143.2939249,240.0807051,358.4400024,19.93550255
31/01/2023,4020.850098,141.0598852,239.0399186,349.980011,19.15606662
01/02/2023,4070.070068,142.3153031,243.5074788,353.8599854,19.67668746
02/02/2023,4158.680176,147.1886173,254.1314988,365.1600037,20.98473585
03/02/2023,4136.689941,146.3286492,254.8384284,359.0799866,20.9847338
06/02/2023,4119.569824,150.8164562,252.7764827,363.6400146,20.79087422
07/02/2023,4105.350098,148.9086372,255.8105145,358.5100098,21.36645784
08/02/2023,4153.470215,152.1114301,268.2509904,360.019989,22.37072686
09/02/2023,4144.25,152.0125597,268.8401265,372.4100037,22.58957003
10/02/2023,4068.919922,147.9677763,256.7924175,359.1600037,21.67423445
13/02/2023,4096.620117,149.4429094,262.79173,349.5,21.5223451
14/02/2023,4126.700195,150.6012065,267.7305665,357.5499878,21.5623183
15/02/2023,4119.5,151.5813383,264.1192933,356.6300049,22.53260981
16/02/2023,4114.75,151.9773387,259.8865871,355,22.11691108
17/02/2023,4077.389893,150.8289164,255.3290769,347.9100037,21.61527901
21/02/2023,4052.350098,148.7003872,250.4959707,342.8500061,20.9847365
22/02/2023,4001.830078,147.3836545,250.1120436,337.5,20.69195158
23/02/2023,4018.600098,148.591469,251.559028,331.230011,23.42296099
24/02/2023,3973.23999,145.6412549,246.0467339,319.2999878,23.20811891
27/02/2023,3992.360107,146.2352509,248.5075864,323.8699951,23.65279502
28/02/2023,3977.189941,145.5818566,245.1706557,323.7000122,23.35501396
01/03/2023,3963.340088,145.364051,246.8341708,321.5499878,23.17514374
02/03/2023,3938.679932,142.9385086,242.6901031,310.9599915,22.47165449
03/03/2023,3998.02002,146.5619867,248.2418153,315.4500122,23.30304764
06/03/2023,4055.149902,152.2545193,252.4154273,317,23.87363544
07/03/2023,4048.26001,152.1654502,252.2874618,312.6799927,23.58685085
08/03/2023,3987.550049,151.2843209,250.0628534,309.2900085,23.47391455
09/03/2023,3998.659912,152.0268352,251.8150023,312.0799866,24.16153372
10/03/2023,3912.77002,148.7102984,247.1491734,297.8999939,23.39595854
13/03/2023,3835.120117,146.3342662,243.526788,287.3399963,22.73932553
14/03/2023,3894.01001,149.769625,252.7304241,295.9700012,23.48290944
15/03/2023,3876.73999,149.6805231,255.9098511,292.5100098,23.74776343
16/03/2023,3878.929932,150.6408298,261.0579509,304.75,24.01361505
17/03/2023,3958.689941,154.5217033,273.9037231,310.0599976,25.96752535
20/03/2023,3917.469971,153.5217826,272.6437144,299.7900085,25.60073134
21/03/2023,3975.889893,155.7493051,270.5765898,306.3200073,26.16541776
22/03/2023,4002.040039,157.7095514,269.1197686,306.3099976,26.41027558
23/03/2023,3959.209961,157.2442387,273.5886951,304.6799927,27.09989205
24/03/2023,3939.209961,157.2739485,272.8996672,320.6300049,27.01594239
27/03/2023,3982.929932,158.3431678,276.1085946,327.5499878,26.82204938
28/03/2023,3974.129883,156.392847,271.4723425,326.0599976,26.4322666
29/03/2023,3999.530029,157.7788247,274.5927173,326.2900085,26.81005752
30/03/2023,4046.73999,159.9172833,279.7802016,340.269989,27.21383281
31/03/2023,4056.179932,160.8182007,279.2880376,340.0499878,27.12487994
03/04/2023,4102.200195,162.6299164,282.0342788,341.8299866,27.49367559
04/04/2023,4128.029785,164.9366656,282.7332257,348.4899902,27.95042071
05/04/2023,4094.5,163.0952265,281.3748891,345.2999878,26.81405104
06/04/2023,4081.149902,160.8082754,278.7761866,339.3399963,26.56918967
10/04/2023,4085.199951,159.8083669,284.6822312,335.269989,26.80805556
11/04/2023,4110.290039,160.7290925,281.27646,343.4500122,27.708555
12/04/2023,4121.720215,159.610354,280.3315154,340.8099976,27.35475239
13/04/2023,4100.040039,160.0163028,279.1502457,339.9899902,26.71910446
14/04/2023,4140.109863,162.9467115,282.5068612,342.9400024,26.48923527
17/04/2023,4137.169922,163.4417359,285.3909394,338,26.55020074
18/04/2023,4164.259766,164.4416518,287.0052912,335,27.51766231
19/04/2023,4139.330078,164.1446442,281.5126343,324.2099915,27.34575559
20/04/2023,4130.47998,164.4317385,280.7842156,320.3900146,27.6555851
21/04/2023,4132.140137,163.4021358,280.5479966,323,26.9369827
24/04/2023,4132.069824,163.3526447,277.673701,330.2000122,26.9979524
25/04/2023,4126.430176,163.5407391,275.1341194,328.5,27.06291493
26/04/2023,4087.780029,161.4319919,292.0549834,321.3599854,26.98695863
27/04/2023,4075.290039,163.5407543,291.3364312,324.2999878,27.34775731
28/04/2023,4129.629883,166.8077946,299.2505571,325.2399902,27.20983324
01/05/2023,4166.790039,167.589887,302.1642049,329.4400024,27.82449059
02/05/2023,4164.100098,168.3917969,302.9418777,325,28.6640219
03/05/2023,4122.25,167.8077034,301.819645,317.5499878,27.82449131
04/05/2023,4082.550049,163.2437116,301.4456548,319.0100098,27.63559533
05/05/2023,4084.72998,169.272929,300.9337798,323.6099854,27.81049627
08/05/2023,4136.97998,170.7579408,305.2747422,322.9899902,28.50610872
09/05/2023,4124.25,171.3222576,303.17807,330.6700134,28.88289676
10/05/2023,4143.740234,171.2925617,303.7883299,335.2099915,28.98884001
11/05/2023,4132.240234,172.1142664,305.2452429,334.980011,28.87990018
12/05/2023,4138.540039,172.1243012,305.6881551,344.7600098,28.51310692
15/05/2023,4126.649902,171.6682834,304.2608543,340.6199951,28.49211502
16/05/2023,4127.950195,170.5083644,304.9793958,334,28.82493333
17/05/2023,4122.850098,170.230763,308.0729265,331.7600098,29.56751543
18/05/2023,4157.680176,171.5096795,310.28267,347.25,30.39305759
19/05/2023,4204.149902,174.870431,312.4627684,369.8599854,31.51842985
22/05/2023,4190.779785,172.4812043,314.2977179,365.3599854,30.88378207
23/05/2023,4176.799805,171.6385286,315.7084147,360.2399902,30.98272677
24/05/2023,4132.959961,169.6160955,310.4799684,356.9299927,30.19316639
25/05/2023,4155.709961,170.9247658,318.8749969,359.6099854,38.50153616
26/05/2023,4156.160156,171.826908,319.644498,361.1000061,37.86888972
30/05/2023,4226.709961,175.4355462,330.7030993,397.480011,40.57238508
31/05/2023,4190.740234,175.8023656,327.8028346,391.8900146,39.46599738
01/06/2023,4183.029785,176.1691941,321.5287338,397.4100037,38.46755629
02/06/2023,4241.009766,179.470487,329.7363545,402.8900146,40.07465948
05/06/2023,4282.990234,181.0566869,330.6932859,400.4700012,38.88732628
06/06/2023,4271.339844,178.4196156,330.8017544,405,38.80837365
07/06/2023,4285.470215,176.9028163,327.171466,410.4299927,38.89734549
08/06/2023,4268.689941,176.367438,319.5655851,399.769989,37.70688804
09/06/2023,4304.879883,179.9364186,320.6014248,424.5,39.01928805
12/06/2023,4308.319824,179.7084155,324.1429427,418.8299866,39.18221868
13/06/2023,4352.609863,181.2252339,329.95338,430.0100098,40.16777195
14/06/2023,4366.290039,181.7903206,329.8251185,434.9899902,40.80547887
15/06/2023,4365.330078,182.3752497,332.9227972,444.1000061,42.58267618
16/06/2023,4440.950195,185.1213857,346.5758665,446.1499939,43.4302858
20/06/2023,4396.109863,182.8213766,334.7280413,430.1799927,42.978494
21/06/2023,4380.009766,183.3071183,331.8277159,432.6499939,43.48126515
22/06/2023,4355.399902,182.1571277,329.6081394,422.9299927,42.23383254
23/06/2023,4354.169922,183.9515527,329.8448805,418.5899963,42.44473523
26/06/2023,4344.839844,185.2205242,329.2135454,422.4400024,42.44173221
27/06/2023,4337.359863,184.2886067,327.3786062,417.3900146,40.78048746
28/06/2023,4367.47998,186.3110539,330.1408558,423.1000061,40.64155331
29/06/2023,4374.939941,187.4511555,330.1901381,434.3299866,41.53914439
30/06/2023,4422.439941,189.9791581,333.1891038,431.1000061,41.66109075
03/07/2023,4450.47998,192.1106379,334.609711,439.7600098,42.49770595
05/07/2023,4442.040039,189.9196853,330.5650335,444.9100037,42.11588532
06/07/2023,4422.620117,188.2045929,332.7451688,440,41.82501529
07/07/2023,4404.540039,189.7610451,334.7379079,438.6000061,42.30279742
10/07/2023,4394.22998,187.6295934,330.0816434,438.519989,42.63764673
11/07/2023,4415.549805,187.5304759,326.5894444,438.6499939,42.461727
12/07/2023,4467.689941,188.0459719,332.0546721,444.5499878,43.0134749
13/07/2023,4491.5,188.8588956,334.9746318,447,44.49780471
14/07/2023,4514.609863,188.5912583,342.8961833,452.7900085,46.56186486
17/07/2023,4508.859863,190.2468408,341.0119975,445.5700073,46.26800329
18/07/2023,4521.779785,191.6843648,341.1599568,451,46.67981079
19/07/2023,4563.870117,191.4364953,356.8650077,476.8599854,47.44246663
20/07/2023,4554.379883,193.4093697,348.7954804,447,46.48589939
21/07/2023,4550.160156,192.4278795,344.4351933,437.3699951,45.76722371
24/07/2023,4543.390137,191.743826,341.1797347,425,44.71070039
25/07/2023,4555.189941,191.6645465,342.4226824,427.1799927,44.92060773
26/07/2023,4558.959961,192.0015808,336.8292863,424.2000122,46.00011949
27/07/2023,4598.259766,194.3313785,335.8822096,426.8999939,46.49789574
28/07/2023,4565.75,192.9929795,329.1642061,415.5599976,46.64682675
31/07/2023,4584.819824,194.3709898,332.3703158,426.5100098,46.73278819
01/08/2023,4578.830078,194.5494739,330.6636616,437.3699951,46.43892132
02/08/2023,4550.930176,193.359774,329.1247413,435.230011,45.81021219
03/08/2023,4494.27002,189.9196955,321.5977797,427.7999878,43.7801286
04/08/2023,4513.959961,183.9218306,327.3983698,433.0599976,44.96459093
07/08/2023,4491.580078,180.5610232,323.9357584,436.4599915,45.0905357
08/08/2023,4498.029785,178.1420456,322.5448099,440.3599854,44.83265122
09/08/2023,4501.569824,179.3118584,322.061427,439.7399902,44.25391174
10/08/2023,4487.160156,177.9338302,321.6174835,431.1199951,42.14087339
11/08/2023,4450.689941,176.0298478,315.9352987,428.980011,41.73205733
14/08/2023,4458.129883,176.6751021,317.0500669,421.9899902,40.46763068
15/08/2023,4478.870117,177.5784931,318.6382921,424.4100037,44.53978834
16/08/2023,4433.790039,175.8412013,317.1380121,423.730011,44.49980172
17/08/2023,4416.319824,175.8511311,316.8809803,415,43.95005245
18/08/2023,4344.879883,171.0463603,310.9000357,399.3299866,42.61565766
21/08/2023,4380.279785,173.7962212,314.3008266,402.230011,44.47381619
22/08/2023,4415.330078,175.7717294,321.7843898,409,48.11315751
23/08/2023,4396.439941,177.2211265,320.1235499,418.3999939,45.84519443
24/08/2023,4455.160156,179.3554594,329.0504512,425.4100037,50.1932179
25/08/2023,4389.379883,176.0893937,317.800379,412,46.99067223
28/08/2023,4426.029785,178.7796736,321.9425618,418.0400085,46.46091073
29/08/2023,4432.75,178.3925112,318.2057352,416,46.64483206
30/08/2023,4500.339844,183.5943942,324.9182094,430.8500061,49.02174442
31/08/2023,4517.009766,186.4733018,325.4421498,431.230011,49.35759745
01/09/2023,4530.600098,188.111293,327.5280692,437.730011,49.73942952
05/09/2023,4510.060059,186.9101119,325.2444734,438.3900146,48.20112096
06/09/2023,4490.350098,187.0292237,329.574401,448.6099854,48.42301433
07/09/2023,4434.549805,173.9053785,327.5082949,441.1499939,45.50808992
08/09/2023,4451.299805,177.0523366,326.3220068,443.5599976,45.92494195
11/09/2023,4480.97998,178.7598488,333.3903455,443.0700073,46.13085766
12/09/2023,4473.27002,178.1840499,331.986544,442.8500061,44.72138538
13/09/2023,4462.649902,175.2257122,327.5280681,435.5,44.58343939
14/09/2023,4487.779785,172.7339889,335.2785548,410.3999939,45.93294177
15/09/2023,4497.97998,175.1959389,333.0740313,401,45.32416042
18/09/2023,4445.129883,175.1959304,324.0581148,395.5,42.73212279
19/09/2023,4445.410156,176.2283949,322.4467056,392.8399963,43.81672107
20/09/2023,4452.810059,177.9557244,325.7485891,397.0499878,43.58381095
21/09/2023,4374.359863,173.2799737,315.6156308,386.5,41.56756177
22/09/2023,4341.740234,173.3991122,317.6521257,385,41.55655937
25/09/2023,4310.620117,172.9325476,312.976085,382.8999939,41.57555927
26/09/2023,4312.879883,173.5480386,311.5327327,382.8800049,41.98540589
27/09/2023,4282.629883,171.3640248,308.7349944,382.3999939,42.31428312
28/09/2023,4269.649902,168.1078908,307.4399795,375.6000061,42.44423003
29/09/2023,4328.180176,170.7683832,314.1228301,380,43.8107226
02/10/2023,4284.52002,169.9742036,312.6696395,377.480011,44.01364599
03/10/2023,4269.75,171.0066339,317.1676969,377.1099854,44.79136022
04/10/2023,4233.830078,169.8451609,310.4453145,376.5,43.725758
05/10/2023,4259.310059,172.5254984,315.44754,378.0100098,44.03364221
06/10/2023,4234.790039,172.535454,312.9365264,368.4299927,44.17658899
09/10/2023,4289.02002,175.5235519,321.0429214,378.0499878,44.82534395
10/10/2023,4339.75,176.8041577,327.182028,385.5799866,45.29317666
11/10/2023,4366.589844,176.9034413,327.4291569,372.7799988,46.17884212
12/10/2023,4380.939941,178.7598293,326.7964688,366.480011,46.75962965
13/10/2023,4360.490234,180.1000145,328.5858047,355.6400146,46.94255852
16/10/2023,4342.370117,175.4639796,327.2709886,356.2099915,45.04627012
17/10/2023,4345.22998,175.3647067,325.8276645,361.1000061,43.98366152
18/10/2023,4357.350098,174.3025051,328.6945726,351,42.57518213
19/10/2023,4321.359863,174.7591315,328.3584455,404.7399902,42.79510456
20/10/2023,4273.850098,174.0344589,327.9333507,405.6300049,41.87444318
23/10/2023,4210.399902,169.6664822,321.7547331,403.3200073,41.21369517
24/10/2023,4235.790039,171.7909235,327.5181575,409.6799927,43.06100479
25/10/2023,4232.419922,170.6294261,341.0815086,416.019989,43.38188323
26/10/2023,4175.990234,169.1303802,336.6527185,411.4200134,41.83746099
27/10/2023,4152.930176,165.6955818,326.6580838,406.4200134,41.11472961
30/10/2023,4139.390137,167.7902158,329.604059,402.3500061,41.07174379
31/10/2023,4171.330078,168.11783,334.9820006,409.2399902,40.43498275
01/11/2023,4201.27002,169.7558317,335.9112262,414.769989,40.86882109
02/11/2023,4268.259766,174.2429278,343.2761836,421.1700134,43.31190617
03/11/2023,4334.22998,172.9722318,345.6389384,428.7600098,44.00365404
06/11/2023,4364.27002,175.0966643,349.4153161,434.3800049,45.26818225
07/11/2023,4366.209961,177.8763248,355.2974145,436.1799927,45.70202626
08/11/2023,4384.370117,181.0232466,357.5513783,435,46.08287866
09/11/2023,4391.410156,181.6287801,358.1642694,438.0299988,47.44937392
10/11/2023,4364.149902,182.8720464,357.363518,437.480011,47.48236191
13/11/2023,4406.660156,184.7110146,364.0167224,447.25,48.30205614
14/11/2023,4458.970215,186.5797929,366.7748778,448.7799988,49.66155115
15/11/2023,4505.299805,186.7289211,367.786732,452.8099976,49.91645454
16/11/2023,4497.080078,188.4386407,367.469765,463,48.66092668
17/11/2023,4509.549805,189.1145625,370.0948116,466.9500122,49.50561144
20/11/2023,4511.700195,188.7567162,367.7273447,465.3999939,49.29368891
21/11/2023,4538.77002,190.2676519,372.1354802,472.6300049,50.10738481
22/11/2023,4553.040039,190.347177,374.4435351,476.7999878,49.83348617
24/11/2023,4555.839844,189.7308653,373.7798106,477.1099854,48.45200134
27/11/2023,4554.859863,188.7865471,373.2350216,479.0299988,47.78224955
28/11/2023,4545.549805,188.6473769,374.7902562,478.1099854,48.21808469
29/11/2023,4571.839844,189.76069,380.1493603,479,48.3610372
30/11/2023,4554.870117,188.7070316,374.928909,475.3099976,48.00616426
01/12/2023,4559.430176,189.1940907,373.2152198,473.1700134,46.50772234
04/12/2023,4564.370117,188.8461896,365.6272685,460.9899902,46.05988615
05/12/2023,4557.25,189.0748215,363.0022092,450.7000122,45.45310882
06/12/2023,4586.22998,193.2895191,370.0255017,460,47.20161741
07/12/2023,4568.839844,192.4744006,364.7654597,450.8500061,45.68704449
08/12/2023,4576.200195,193.0409943,365.7263115,450.7600098,46.58179357
11/12/2023,4593.390137,191.9574947,365.0130742,459.3599854,47.47754216
12/12/2023,4618.299805,191.9276967,367.3607884,465.230011,46.03295021
13/12/2023,4646.200195,193.9256825,372.4821565,461.980011,47.61550558
14/12/2023,4721.040039,196.8381989,369.7976913,480.3599854,48.37628184
15/12/2023,4714.22998,196.3511146,363.3984743,467.2999878,48.18033874
18/12/2023,4725.580078,194.9197201,365.9739554,476.2999878,49.38599893
19/12/2023,4743.720215,194.98932,367.9947724,488.3999939,49.40998984
20/12/2023,4764.72998,195.7248899,371.4717292,492,49.64091964
21/12/2023,4724.290039,194.9296661,369.0547223,492.6600037,48.79716606
22/12/2023,4753.919922,194.0151371,370.1641684,494,49.18105652
26/12/2023,4758.859863,192.4545284,371.4717767,489.3900146,48.95411724
27/12/2023,4773.450195,191.3412039,370.174077,491.2399902,49.49696737
28/12/2023,4786.439941,192.9813686,371.8382646,492,49.62893299
29/12/2023,4782.879883,192.7427851,372.4623515,490.3699951,49.79888299
02/01/2024,4745.200195,186.033072,370.3424737,483.1900024,49.2300417
03/01/2024,4725.069824,183.1205404,365.5381226,467.3200073,47.47154328
04/01/2024,4697.419922,181.062914,367.1825052,472.980011,47.75346055
05/01/2024,4690.569824,180.9038724,365.4985007,476.5,48.448262
08/01/2024,4703.700195,181.0032685,365.825371,473.8900146,49.49796919
09/01/2024,4741.930176,182.8223597,368.5098994,475.5299988,52.38614999
10/01/2024,4759.939941,183.2497814,372.8288615,481.6000061,53.60080541
11/01/2024,4792.129883,185.4267034,382.3682442,492.5400085,54.98341312
12/01/2024,4791.180176,184.9495887,381.8630598,500.5100098,54.6045177
16/01/2024,4772.350098,181.07286,389.9562028,490,55.00240837
17/01/2024,4739.129883,180.1881635,384.3296316,484.5,56.33102857
18/01/2024,4760.100098,184.9793924,388.0344194,480.0299988,57.2437692
19/01/2024,4796.279785,188.2000612,392.0364126,484.980011,57.97256315
22/01/2024,4853.419922,191.1523269,396.2563435,487.5499878,60.03198494
23/01/2024,4856.799805,193.8561184,392.0265244,492,59.55311779
24/01/2024,4888.560059,194.2537104,397.7620686,537.75,60.28690951
25/01/2024,4886.660156,194.0549213,400.5158863,551.9500122,62.33232318
26/01/2024,4888.910156,193.1105868,400.5654097,561.8099976,60.94272337
29/01/2024,4892.950195,190.8640669,402.2395441,571.3499756,61.21464389
30/01/2024,4925.890137,189.8004568,408.3812112,567.3200073,62.88217024
31/01/2024,4899.189941,185.9237435,403.1310461,562.8499756,61.42258249
01/02/2024,4861.109863,182.8919452,398.0493223,567.0200195,62.08239699
02/02/2024,4916.060059,178.7865879,400.010667,564.5200195,63.95586559
05/02/2024,4957.189941,187.0271175,406.0433872,562.4699707,68.20566646
06/02/2024,4950.160156,185.744787,402.0612108,564.1199951,69.61026566
07/02/2024,4973.049805,189.5022418,403.6065332,558.1599731,68.29963034
08/02/2024,4995.160156,188.2597123,410.1543426,560.5499878,70.05412986
09/02/2024,5004.169922,187.7633912,411.3430482,565,70.51300389
12/02/2024,5026.830078,187.5344824,416.6031192,560.3599854,72.57942141
13/02/2024,4967.939941,184.8969599,401.1300495,550.7999878,70.38005205
14/02/2024,4976.439941,184.449076,404.9781357,567.2600098,73.1812586
15/02/2024,5003.140137,182.6874005,405.0476294,581.9099731,73.84806835
16/02/2024,5031.129883,182.5579853,404.8689798,596.9500122,74.07899284
20/02/2024,4989.319824,180.9356562,400.1847315,580.1799927,71.92660764
21/02/2024,4963.029785,181.0849463,397.1379711,573.5100098,67.98672612
22/02/2024,5038.830078,182.6176929,407.0820765,582.75,75.00373476
23/02/2024,5100.919922,184.1405352,412.5205281,586.4000244,80.76709503
26/02/2024,5093,181.3835352,408.3424303,583.5599976,79.67740948
27/02/2024,5074.600098,180.2489049,404.8987544,595,79.3584956
28/02/2024,5067.200195,181.6522719,405.0873045,595.789978,77.59800413
29/02/2024,5085.359863,180.4181037,405.5438349,604.25,79.07158408
01/03/2024,5098.509766,178.7061749,408.1538761,599.8099976,79.97732295
04/03/2024,5130.990234,175.3221528,410.3074479,621.5599976,84.10614876
05/03/2024,5110.52002,169.9574872,410.8235171,610.0999756,85.24982845
06/03/2024,5108.029785,170.2560805,399.9167637,602.9899902,88.00118271
07/03/2024,5132.379883,168.3550385,403.0429016,599.3400269,90.13666439
08/03/2024,5164.459961,168.2057622,404.8689575,608.2700195,95.11550233
11/03/2024,5111.959961,172.1272504,400.7007961,608.0800171,86.40855938
12/03/2024,5134.299805,172.3362372,404.5315189,600.210022,88.02817393
13/03/2024,5173.490234,171.9580519,414.9321648,613.3699951,91.03346117
14/03/2024,5175.140137,172.0973926,417.055921,615,89.55581179
15/03/2024,5123.310059,170.3655638,416.1131424,622.9199829,86.90943243
18/03/2024,5154.77002,174.7448915,411.1113041,613.5599976,90.36661573
19/03/2024,5139.089844,173.5206742,414.6641795,615.6199951,86.67949393
20/03/2024,5181.689941,174.8941741,418.8025799,619.9500122,89.77575552
21/03/2024,5253.430176,176.2179193,426.5732665,630.6500244,92.2781691
22/03/2024,5242.47998,170.9527765,426.4442948,624.1599731,91.11944267
25/03/2024,5219.52002,169.7683905,422.018039,627.9000244,93.91877671
26/03/2024,5228.850098,169.2010602,422.3852181,625.2000122,95.82832328
27/03/2024,5226.310059,169.6091338,421.2241115,629.0100098,93.08996764
28/03/2024,5248.029785,170.9428229,417.7704595,614.9899902,89.97870666
01/04/2024,5257.970215,170.3854786,420.7378214,608,90.27764118
02/04/2024,5204.290039,168.2853711,416.9269168,611,88.42707165
03/04/2024,5194.370117,167.996748,416.5497974,612.75,88.46307282
04/04/2024,5244.049805,169.4896889,421.7699205,633.210022,90.38460861
05/04/2024,5158.950195,168.7929828,416.8276673,624.9199829,86.84544687
08/04/2024,5211.370117,168.2356165,421.9485777,636.3900146,88.67901159
09/04/2024,5217.029785,167.9071618,423.2089622,631.9899902,87.42131231
10/04/2024,5167.879883,168.0066808,418.9911395,610.9699707,83.90614724
11/04/2024,5172.950195,167.5488523,422.5936238,624.4199829,87.3993157
12/04/2024,5171.509766,173.4410296,420.8370731,628.2299805,89.67778862
15/04/2024,5149.669922,174.5358681,423.3677472,630.1699829,89.07691924
16/04/2024,5064.589844,170.9428414,411.4289086,607.5,86.41255526
17/04/2024,5068.970215,168.8128987,414.0885872,620.9699707,88.3190956
18/04/2024,5031.52002,167.2403119,407.5187364,612.0999756,84.94989568
19/04/2024,5005.439941,165.4288837,400.9687489,567.8800049,83.13033728
22/04/2024,4987.330078,164.7421045,397.0486598,550.6599731,78.08552424
23/04/2024,5028.850098,164.5729125,401.1771474,556.4899902,80.74989526
24/04/2024,5084.859863,165.7573065,406.4568745,574.3099976,83.93013369
25/04/2024,5019.879883,168.7332745,391.044521,549.460022,78.84934008
26/04/2024,5084.649902,169.0816248,409.0470757,558.210022,83.79817533
29/04/2024,5114.129883,172.5552069,402.1795096,559.1799927,87.57427996
30/04/2024,5103.779785,172.515396,398.4479972,560,87.21936048
01/05/2024,5029.029785,168.7830316,389.6352688,547.8400269,85.05687611
02/05/2024,5049.319824,171.6992669,394.6469632,556.0200195,84.42901931
03/05/2024,5122.779785,185.7727943,399.2319782,566,87.7682343
06/05/2024,5142.419922,181.4930249,405.662926,581.8200073,89.36885277
07/05/2024,5187.200195,182.5878387,411.5181934,596.2800293,91.07644753
08/05/2024,5168.97998,181.9906787,405.0774051,601.6300049,89.4618438
09/05/2024,5189.029785,181.7020426,407.4592127,614.4000244,90.50758943
10/05/2024,5225.490234,184.2806378,409.8112152,619,90.28363616
13/05/2024,5233.080078,184.8188537,414.8428312,614.2999878,90.45660058
14/05/2024,5221.100098,186.8819037,408.8981988,615.1699829,89.57780064
15/05/2024,5263.259766,187.2805685,415.4816967,618.5700073,92.4501185
16/05/2024,5310.069824,189.8319962,419.3591433,615.75,94.8875497
17/05/2024,5303.100098,188.875214,420.0948541,617,94.34667501
20/05/2024,5305.350098,188.6958067,417.7783433,620.4000244,93.72782843
21/05/2024,5298.689941,190.4499145,424.3600483,636.7600098,93.57686155
22/05/2024,5319.279785,191.6259805,427.6011821,647.1400146,95.43642596
23/05/2024,5340.259766,190.3402858,430.464507,642.3400269,102.0038674
24/05/2024,5281.450195,188.1875251,424.7179618,639.4000244,104.4242982
28/05/2024,5315.910156,190.8685048,427.1438244,647.0499878,110.2179215
29/05/2024,5278.72998,188.974873,423.2266503,644.1300049,113.0232623
30/05/2024,5259.77002,190.1210227,421.8446642,653.5200195,114.6228736
31/05/2024,5243.209961,190.798749,414.3383733,644.0100098,112.4933814
03/06/2024,5297.149902,192.2538462,413.125423,645.2199707,113.594122
04/06/2024,5278.240234,193.988027,410.0433721,633.7800293,115.6886318
05/06/2024,5314.47998,194.7454708,415.3922317,634.0200195,118.3430035
06/06/2024,5357.799805,195.0344905,421.5563569,644.8900146,124.0186495
07/06/2024,5343.810059,193.9979818,423.7337156,649.3800049,119.7416661
10/06/2024,5341.220215,196.2404356,422.2423735,641.0100098,120.34153
11/06/2024,5353,193.0013216,423.0178608,640.7199707,121.7511947
12/06/2024,5409.129883,206.6753885,432.8009161,652.210022,123.0409876
13/06/2024,5441.930176,214.0206945,438.2989324,644,129.3700291
14/06/2024,5424.080078,213.1336738,435.7437888,655.0499878,129.9399328
17/06/2024,5431.109863,212.6552799,440.0288392,669.1099854,132.9694773
18/06/2024,5476.149902,216.8611384,447.1076349,675.6300049,131.1197499
20/06/2024,5499.990234,213.2133945,443.7173533,681.7999878,139.778407
21/06/2024,5466.77002,209.6852783,444.7911403,683.2600098,127.1003713
24/06/2024,5459.580078,207.0242035,447.1971472,685,123.2209637
25/06/2024,5460.72998,208.4494086,445.6560663,673.4400024,121.1812818
26/06/2024,5460.709961,210.7915522,446.4017396,672.4099731,126.1105153
27/06/2024,5473.589844,213.9708784,449.5633255,679.3499756,124.0808317
28/06/2024,5488.47998,215.0472481,450.448228,679,124.5607601
01/07/2024,5471.080078,211.3795622,446.0637278,674.8900146,123.4509338
02/07/2024,5461.839844,215.425956,450.5774503,673.539978,121.1112913
03/07/2024,5507.439941,219.2630656,455.5385808,677.4799805,121.6412199
05/07/2024,5537.910156,220.9075404,456.9503322,682.5100098,127.3603258
08/07/2024,5572.75,226.3293191,463.8501959,687,127.4703016
09/07/2024,5584.240234,227.1664985,464.2975902,690,130.3298862
10/07/2024,5591.259766,228.5319191,458.5510493,685.0200195,134.0093064
11/07/2024,5635.209961,230.6149204,460.3008402,672.4899902,135.7290342
12/07/2024,5590.759766,228.1531926,451.7009002,652.75,128.2401874
15/07/2024,5638.160156,235.6878722,450.6768844,647.5,130.5398337
16/07/2024,5644.089844,234.212837,451.591577,661.7999878,128.4201652
17/07/2024,5610.069824,228.6814098,440.0288496,650,121.3312528
18/07/2024,5608.560059,229.5086349,441.7687136,656.5999756,121.8311815
19/07/2024,5543.370117,224.0669409,430.5937614,660.6400146,120.3314134
22/07/2024,5544.540039,226.2495951,439.2334919,639.5,120.3314101
23/07/2024,5565.299805,223.618431,441.3312726,647.5,122.7610409
24/07/2024,5505.839844,223.2496546,437.9012416,635.7399902,119.1515914
25/07/2024,5428.700195,218.1966536,426.3186326,641,113.0225419
26/07/2024,5433.669922,217.9674157,415.779987,645,116.1720631
29/07/2024,5476.549805,216.233261,429.08253,634.6099854,113.6724433
30/07/2024,5478.72998,218.4558012,425.2448983,630.1699829,111.5027717
31/07/2024,5505.589844,220.6982497,418.0666907,626.5700073,112.8825638
01/08/2024,5537.839844,223.618418,418.355017,629.25,117.5118533
02/08/2024,5376.629883,218.415922,410.1030127,620.9799805,103.7439733
05/08/2024,5151.140137,198.4231219,386.9179667,587.039978,92.04578251
06/08/2024,5206.419922,204.6123151,397.6853041,600.6199951,103.823954
07/08/2024,5293.129883,206.20694,406.2753291,616.0700073,107.7933491
08/08/2024,5252.569824,212.3961472,400.1111879,621.9899902,101.9842462
09/08/2024,5314.660156,211.389554,401.6919661,622.9899902,105.6236876
12/08/2024,5351.879883,215.5955066,404.7044554,631,106.3035786
13/08/2024,5376.97998,218.5290414,407.2197915,638.5599976,112.4226372
14/08/2024,5442.359863,220.0856248,412.3996465,648.7000122,118.511695
15/08/2024,5501.129883,224.1067699,418.1229861,668.4899902,118.741661
16/08/2024,5530.5,223.4282616,418.9198053,669.4299927,121.9211689
19/08/2024,5557.22998,225.2242961,417.286359,674.0700073,124.2608018
20/08/2024,5602.879883,225.274208,420.0154353,688.8599854,128.3801707
21/08/2024,5603.089844,226.0225636,422.3858904,697,127.3003454
22/08/2024,5637.77002,227.2897463,422.6647883,691,129.9999227
23/08/2024,5602.490234,225.1644413,415.3142739,694.1300049,125.8405688
26/08/2024,5639.660156,226.2620155,414.7066957,687.2600098,129.5499957
27/08/2024,5602.890137,225.503695,411.210702,688.5300293,125.0306989
28/08/2024,5624.509766,227.419467,413.2226793,695.8300171,128.1002137
29/08/2024,5607.299805,229.5947019,413.2824329,690,121.3412605
30/08/2024,5612.740234,229.6844899,413.9397763,700.3599854,119.5115415
03/09/2024,5623.890137,228.0480979,416.2405478,700.0999756,115.9920873
04/09/2024,5506.680176,221.1732242,404.2884946,673.3099976,105.393724
05/09/2024,5520.080078,221.1432944,405.991632,673.1400146,104.9737849
06/09/2024,5507.330078,223.4581836,407.4258902,681.8599854,108.0233117
09/09/2024,5442.069824,220.3350823,405.6131602,674,104.8637939
10/09/2024,5490.509766,218.4392284,406.5693482,676.8699951,107.7933492
11/09/2024,5496.419922,220.973674,413.8401791,677.460022,109.3731022
12/09/2024,5557.47998,222.0113809,421.6189886,684.9199829,116.8319456
13/09/2024,5603.339844,223.0889978,424.1289088,680.0100098,119.071794
16/09/2024,5615.209961,216.0644583,428.8798787,700,116.7819512
17/09/2024,5655.509766,215.2761944,438.4714059,700.8200073,118.1618553
18/09/2024,5641.680176,217.072249,433.2622842,707.5499878,115.8820132
19/09/2024,5702.629883,224.4959169,439.467423,705,117.341909
20/09/2024,5709.640137,229.4649697,435.4734113,705.5499878,117.0519289
23/09/2024,5711.899902,226.8407408,432.5451724,702.3900146,116.5419722
24/09/2024,5727.660156,228.1478696,431.2702838,706.6300049,116.5119652
25/09/2024,5733.649902,224.4360389,428.1129288,721,122.0115925
26/09/2024,5762.220215,226.8008371,433.3519349,724.7299805,126.791268
27/09/2024,5755.359863,227.9582912,429.7961685,708.3599854,123.9614624
30/09/2024,5726.52002,229.5348055,426.4994073,707,118.3018438
01/10/2024,5757.72998,229.0159548,426.7384711,713.6400146,121.7616036
02/10/2024,5698.140137,225.3939223,420.8918637,706.1300049,116.4319821
03/10/2024,5698.189941,224.6455731,415.9616797,704.2600098,120.9116701
04/10/2024,5737.47998,227.3995161,416.5692334,713.3200073,124.9313951
07/10/2024,5737.799805,224.0069976,414.338177,714.7600098,124.9813892
08/10/2024,5719.140137,223.8074274,409.258567,703.8800049,130.2510204
09/10/2024,5751.799805,224.7353865,414.1987135,719.25,134.10076
10/10/2024,5778.359863,227.2797751,413.5712844,723.289978,131.900911
11/10/2024,5775.089844,228.7964499,414.4776172,734.9000244,134.0007564
14/10/2024,5829.810059,228.1977569,416.101115,725,136.4606052
15/10/2024,5866.740234,233.0969779,420.4934907,712.5100098,137.8604996
16/10/2024,5816.580078,231.0913987,413.5115159,703.4299927,133.970762
17/10/2024,5875.620117,232.9173703,420.6727515,704.3499756,139.3304004
18/10/2024,5859.430176,235.6613339,415.4736486,737.6400146,138.6604458
21/10/2024,5857.819824,233.9351373,414.4577085,765.7600098,138.1204864
22/10/2024,5832.700195,233.376366,416.8182287,765.2700195,142.9001628
23/10/2024,5834.5,233.5659513,429.1388114,762.8300171,142.0202156
24/10/2024,5817.799805,229.4749438,423.630904,751.9699707,140.810305
25/10/2024,5826.75,229.235479,425.0552048,756.1699829,140.9202843
28/10/2024,5833.930176,232.807625,429.935618,758.6799927,142.9901397
29/10/2024,5819.680176,232.5881048,426.2902543,751.1300049,140.2803243
30/10/2024,5832.649902,232.0991785,435.692544,758.0800171,139.5303817
31/10/2024,5775.339844,228.8363549,413.7007324,753.9299927,137.5905329
01/11/2024,5723.220215,220.4847443,407.3761298,753.4799805,134.690722
04/11/2024,5725.149902,220.5046966,408.1629515,753.1400146,137.2005579
05/11/2024,5722.430176,221.3129191,406.7386621,757.3499756,137.440523
06/11/2024,5864.890137,222.121137,410.772485,771.5,142.9501492
07/11/2024,5947.209961,224.1367061,419.5970836,781.3699951,146.379917
08/11/2024,5976.759766,226.9205,423.6209441,797.3599854,148.7597481
11/11/2024,6008.859863,224.7528927,420.8321118,795.9000244,148.6697472
12/11/2024,6003.600098,224.30339,416.5791841,807.5,146.7698795
13/11/2024,5985.75,223.7639754,419.9556582,822.6199951,149.0597282
14/11/2024,5989.680176,224.7728778,423.3022279,833.6699829,147.6298222
15/11/2024,5912.790039,226.1513402,418.1429464,832.039978,144.8600151
18/11/2024,5874.169922,225.002615,413.2126924,815.5,139.490386
19/11/2024,5870.049805,226.7307063,411.4597051,839.75,141.3102676
20/11/2024,5914.339844,227.8095193,415.2046923,879.9799805,147.3998434
21/11/2024,5940.580078,228.6286329,418.6605302,883.9299927,149.3397202
22/11/2024,5944.359863,227.8095287,410.5467889,896,145.9199376
25/11/2024,5992.279785,231.2058027,417.5427821,902.0499878,141.9802254
26/11/2024,6000.029785,233.0737384,418.7503601,867.4899902,137.6905133
27/11/2024,6014.109863,234.2124955,424.2593075,872.0599976,135.0006941
29/11/2024,6003.97998,234.5521145,419.2493584,882.1699829,136.7705785
02/12/2024,6040.109863,237.0094145,420.7264108,887.5100098,138.820436
03/12/2024,6042.970215,239.5466219,428.9798334,894.3599854,138.2504734
04/12/2024,6069.390137,242.6032574,432.1634481,898.0499878,141.9902217
05/12/2024,6089.029785,243.7220401,437.0436765,917.8499756,145.1100006
06/12/2024,6081.379883,242.6432184,441.414895,915.2299805,144.6000061
09/12/2024,6083.009766,241.5644092,441.7143024,928,138.9700012
10/12/2024,6057.589844,246.6188407,443.5007474,913.7600098,139.0099945
11/12/2024,6060.149902,247.6876708,443.1614051,924.710022,137.3600006
12/12/2024,6074.290039,246.6188509,448.2112582,933.3499756,137.0800018
13/12/2024,6068.169922,247.5478258,447.542611,916.8099976,138.9400024
16/12/2024,6063.790039,247.7176442,446.3749474,923.9400024,134.1799927
17/12/2024,6052.549805,249.8053394,450.1074897,921.539978,129.0899963
18/12/2024,6047.649902,251.8830593,450.4168569,919.1300049,133.8600006
19/12/2024,5912.709961,247.2281773,440.7362678,908.1799927,131.7599945
20/12/2024,5842,247.7675818,432.2432815,893.210022,129.8099976
23/12/2024,5940.25,254.4902037,435.866037,913.4199829,136.2799988
24/12/2024,5984.629883,255.2094124,433.7802087,915,140
26/12/2024,6024.970215,257.9064292,438.2013365,928.4000244,139.6999969
27/12/2024,6006.169922,257.5468258,433.7303198,916.0100098,138.5500031
30/12/2024,5920.669922,251.9529852,425.207408,894.5100098,134.8300018
31/12/2024,5919.740234,252.1627596,425.2473256,901.7999878,138.0299988