Date,SPX,AAPL,MSFT,NFLX,NVDA,RDDT
02/01/2020,3244.67,71.72,151.57,326.1,5.94,
03/01/2020,3226.36,71.94,151.13,326.78,5.85,
06/01/2020,3217.55,71.13,149.94,323.12,5.78,
07/01/2020,3241.86,72.59,152.08,336.47,5.93,
08/01/2020,3238.59,71.94,151.71,331.49,5.97,
09/01/2020,3266.03,74.38,154.49,342.0,6.07,
10/01/2020,3281.81,75.2,155.42,337.13,6.16,
13/01/2020,3271.13,75.45,154.41,331.8,6.17,
14/01/2020,3285.35,76.67,155.97,344.4,6.23,
15/01/2020,3282.27,75.5,155.23,338.68,6.17,
16/01/2020,3302.97,75.92,156.88,343.5,6.17,
17/01/2020,3323.66,76.57,159.81,341.0,6.22,
21/01/2020,3321.03,76.79,159.11,340.0,6.17,
22/01/2020,3330.02,77.13,159.79,332.55,6.22,
23/01/2020,3315.77,76.97,158.64,326.04,6.27,
24/01/2020,3333.1,77.53,159.9,348.46,6.41,
27/01/2020,3247.16,75.07,153.83,345.95,5.93,
28/01/2020,3255.35,75.68,156.34,345.88,6.05,
29/01/2020,3289.46,78.55,160.22,349.0,6.16,
30/01/2020,3256.45,77.6,166.14,341.1,6.02,
31/01/2020,3282.33,77.7,164.39,347.39,6.07,
03/02/2020,3235.66,73.67,162.69,347.24,5.87,
04/02/2020,3280.61,76.34,169.09,361.0,6.12,
05/02/2020,3324.91,78.33,175.67,375.13,6.27,
06/02/2020,3344.92,78.1,172.75,369.6,6.28,
07/02/2020,3335.54,78.23,174.54,365.04,6.29,
10/02/2020,3318.28,76.24,175.24,365.0,6.29,
11/02/2020,3365.87,78.53,181.99,373.75,6.66,
12/02/2020,3370.5,78.01,177.15,377.18,6.72,
13/02/2020,3365.9,78.67,174.76,376.96,6.73,
14/02/2020,3378.08,78.81,174.92,381.47,7.15,
18/02/2020,3369.04,76.53,177.18,379.3,7.11,
19/02/2020,3380.39,77.66,180.01,388.12,7.51,
20/02/2020,3380.45,78.3,178.94,386.56,7.79,
21/02/2020,3360.5,77.32,175.33,385.33,7.57,
24/02/2020,3257.61,72.14,160.59,364.76,6.73,
25/02/2020,3238.94,73.03,166.74,372.0,6.88,
26/02/2020,3139.9,69.54,162.44,366.31,6.52,
27/02/2020,3062.54,68.22,156.33,371.46,6.35,
28/02/2020,2916.9,62.43,145.88,364.21,6.04,
02/03/2020,2974.28,68.5,158.23,373.11,6.9,
03/03/2020,3096.46,73.69,166.36,381.03,6.94,
04/03/2020,3045.75,71.94,161.28,377.77,6.73,
05/03/2020,3075.7,71.72,158.94,381.0,6.89,
06/03/2020,2954.2,68.44,155.65,367.7,6.63,
09/03/2020,2863.89,64.01,144.53,343.86,5.98,
10/03/2020,2813.48,67.26,151.39,356.43,6.39,
11/03/2020,2825.6,67.32,150.4,358.92,6.36,
12/03/2020,2630.86,62.11,139.08,326.5,5.62,
13/03/2020,2569.99,64.28,141.18,330.51,5.74,
16/03/2020,2508.59,58.72,134.0,306.63,5.29,
17/03/2020,2425.66,60.06,134.0,306.19,5.0,
18/03/2020,2436.5,58.19,132.09,302.4,4.99,
19/03/2020,2393.48,60.04,136.66,324.33,5.03,
20/03/2020,2431.94,59.98,139.75,342.31,5.46,
23/03/2020,2290.71,55.35,131.14,347.89,5.12,
24/03/2020,2344.44,57.36,137.59,369.99,5.7,
25/03/2020,2457.77,60.85,142.53,361.02,6.32,
26/03/2020,2501.29,59.82,142.04,344.0,6.33,
27/03/2020,2555.87,61.34,145.25,359.09,6.23,
30/03/2020,2558.98,60.85,145.91,363.0,6.36,
31/03/2020,2614.69,62.03,152.57,367.93,6.66,
01/04/2020,2498.08,59.82,146.45,376.05,6.37,
02/04/2020,2458.54,58.32,145.36,364.08,6.08,
03/04/2020,2514.92,58.92,148.46,367.47,6.33,
06/04/2020,2578.28,60.89,153.46,365.22,6.36,
07/04/2020,2738.65,65.72,162.33,380.0,6.91,
08/04/2020,2685.0,63.76,158.58,374.01,6.56,
09/04/2020,2776.99,65.21,159.24,371.06,6.78,
13/04/2020,2782.46,65.11,157.31,371.31,6.49,
14/04/2020,2805.1,67.95,161.76,397.5,6.85,
15/04/2020,2795.64,68.53,163.87,413.0,6.9,
16/04/2020,2799.34,69.74,166.84,437.0,7.15,
17/04/2020,2842.43,69.09,171.81,431.0,7.42,
20/04/2020,2845.62,67.45,169.07,435.17,7.16,
21/04/2020,2784.81,67.05,166.07,444.77,7.03,
22/04/2020,2787.89,66.4,164.05,429.73,6.91,
23/04/2020,2810.42,66.95,166.65,419.26,7.17,
24/04/2020,2812.64,67.27,164.69,425.0,7.06,
27/04/2020,2854.65,68.39,169.03,425.0,7.35,
28/04/2020,2909.96,69.18,168.07,419.99,7.55,
29/04/2020,2918.46,69.1,165.8,399.53,7.39,
30/04/2020,2930.91,70.37,172.29,410.31,7.38,
01/05/2020,2869.09,69.47,168.27,415.1,7.08,
04/05/2020,2815.01,70.18,167.02,417.78,7.0,
05/05/2020,2868.88,71.6,172.89,427.56,7.36,
06/05/2020,2883.14,72.92,174.28,429.3,7.4,
07/05/2020,2878.26,73.58,176.28,436.89,7.56,
08/05/2020,2908.83,74.37,177.06,434.14,7.67,
11/05/2020,2915.46,74.97,175.31,436.33,7.78,
12/05/2020,2939.5,77.34,178.8,442.0,8.09,
13/05/2020,2865.86,75.96,174.73,435.69,7.89,
14/05/2020,2794.54,74.1,169.94,444.9,7.81,
15/05/2020,2829.95,73.09,171.39,440.7,7.86,
18/05/2020,2913.86,76.21,177.8,451.16,8.73,
19/05/2020,2948.59,76.66,177.11,453.4,8.76,
20/05/2020,2953.63,77.06,177.39,454.25,8.96,
21/05/2020,2969.95,77.54,177.96,448.56,9.02,
22/05/2020,2948.05,76.84,175.83,437.0,8.79,
26/05/2020,3004.08,78.72,178.86,427.77,9.12,
27/05/2020,3015.65,76.93,172.96,410.38,8.59,
28/05/2020,3046.61,77.08,173.48,417.24,8.38,
29/05/2020,3025.17,77.68,175.39,417.46,8.52,
01/06/2020,3038.78,77.32,175.21,418.83,8.8,
02/06/2020,3064.78,78.05,176.85,425.87,8.76,
03/06/2020,3098.9,79.0,177.4,426.95,8.79,
04/06/2020,3111.56,78.94,176.9,422.39,8.7,
05/06/2020,3163.84,78.68,175.29,407.29,8.77,
08/06/2020,3199.92,80.36,178.47,416.0,8.85,
09/06/2020,3213.32,80.82,180.45,421.65,8.77,
10/06/2020,3213.42,84.66,183.46,436.0,9.14,
11/06/2020,3123.53,85.0,185.38,428.2,9.12,
12/06/2020,3071.04,83.88,182.89,429.0,9.13,
15/06/2020,2993.76,81.09,177.17,421.4,8.79,
16/06/2020,3131.0,85.52,185.14,425.76,9.2,
17/06/2020,3136.13,86.42,187.2,441.82,9.09,
18/06/2020,3101.64,85.51,186.21,448.73,9.2,
19/06/2020,3140.29,86.3,190.62,449.12,9.21,
22/06/2020,3094.42,85.49,187.93,455.01,9.27,
23/06/2020,3138.7,88.57,193.98,466.5,9.52,
24/06/2020,3114.4,88.82,193.5,468.54,9.45,
25/06/2020,3046.6,87.77,189.86,458.86,9.33,
26/06/2020,3073.2,88.67,191.71,466.39,9.47,
29/06/2020,3018.59,85.96,187.92,445.23,9.14,
30/06/2020,3050.2,87.62,189.93,450.02,9.28,
01/07/2020,3105.92,88.85,194.98,454.0,9.49,
02/07/2020,3143.64,89.51,197.42,485.64,9.61,
06/07/2020,3155.29,90.03,200.44,480.77,9.71,
07/07/2020,3166.44,91.35,202.0,497.31,9.91,
08/07/2020,3153.07,91.67,201.64,498.58,9.96,
09/07/2020,3176.17,93.7,207.64,508.4,10.35,
10/07/2020,3152.47,92.79,205.04,519.73,10.56,
13/07/2020,3205.08,94.67,205.87,567.98,10.56,
14/07/2020,3141.11,92.31,197.85,517.08,10.04,
15/07/2020,3225.98,96.35,201.14,516.3,10.38,
16/07/2020,3208.36,93.99,197.15,526.48,9.98,
17/07/2020,3224.21,94.4,196.26,494.87,10.19,
20/07/2020,3224.29,93.85,196.77,489.14,10.24,
21/07/2020,3268.52,96.53,205.08,506.0,10.48,
22/07/2020,3254.86,94.12,200.8,492.19,10.34,
23/07/2020,3271.64,94.41,198.87,491.13,10.42,
24/07/2020,3218.58,88.56,192.37,468.77,9.84,
27/07/2020,3219.84,91.21,193.38,484.51,10.2,
28/07/2020,3234.27,91.85,195.43,496.02,10.34,
29/07/2020,3227.22,91.25,194.37,492.25,10.36,
30/07/2020,3231.76,91.68,192.93,480.71,10.34,
31/07/2020,3270.45,100.14,196.19,488.29,10.53,
03/08/2020,3288.26,105.32,203.03,490.86,10.7,
04/08/2020,3289.92,106.22,205.57,498.65,11.02,
05/08/2020,3317.37,106.46,206.27,508.68,11.21,
06/08/2020,3323.17,107.46,203.81,504.11,11.31,
07/08/2020,3340.05,110.39,206.22,505.45,11.28,
10/08/2020,3356.04,109.8,203.17,493.35,11.3,
11/08/2020,3370.34,109.18,198.84,479.75,11.04,
12/08/2020,3355.46,107.75,197.05,471.34,10.96,
13/08/2020,3372.95,111.58,201.03,478.4,11.51,
14/08/2020,3368.66,111.97,200.38,482.82,11.49,
17/08/2020,3380.86,113.17,201.18,484.19,11.81,
18/08/2020,3387.04,111.5,202.08,484.35,12.41,
19/08/2020,3392.51,113.09,203.49,493.93,12.26,
20/08/2020,3360.48,112.87,201.61,484.69,11.94,
21/08/2020,3386.01,116.29,205.77,496.46,12.16,
24/08/2020,3418.09,125.49,206.66,495.44,12.84,
25/08/2020,3435.95,121.59,205.04,488.19,12.59,
26/08/2020,3449.97,123.04,209.64,492.5,12.76,
27/08/2020,3485.14,123.98,214.46,537.78,12.74,
28/08/2020,3494.69,122.88,219.55,532.0,12.64,
31/08/2020,3509.73,124.4,218.41,521.16,13.14,
01/09/2020,3507.44,129.45,216.98,532.6,13.44,
02/09/2020,3543.76,134.16,219.34,553.78,14.66,
03/09/2020,3564.74,123.75,220.6,545.0,13.79,
04/09/2020,3453.6,117.08,206.96,520.18,12.75,
08/09/2020,3371.88,111.11,198.69,498.4,11.7,
09/09/2020,3369.82,114.34,199.74,519.21,12.36,
10/09/2020,3412.56,117.36,205.33,503.35,12.95,
11/09/2020,3352.7,111.72,199.36,486.49,12.45,
14/09/2020,3363.56,111.86,196.51,480.62,13.04,
15/09/2020,3407.73,115.38,200.53,484.0,13.24,
16/09/2020,3411.23,112.36,202.65,499.99,12.92,
17/09/2020,3346.86,106.99,192.48,475.16,12.1,
18/09/2020,3357.38,107.65,195.13,472.51,12.56,
21/09/2020,3285.57,101.94,189.73,467.69,11.89,
22/09/2020,3295.75,109.87,197.3,489.01,12.54,
23/09/2020,3320.11,108.84,200.03,491.04,12.54,
24/09/2020,3226.14,102.55,192.29,470.53,12.04,
25/09/2020,3236.66,105.73,195.85,474.39,12.41,
28/09/2020,3333.9,112.15,202.9,489.11,13.0,
29/09/2020,3350.92,111.7,201.43,489.5,12.9,
30/09/2020,3341.21,110.96,199.87,492.57,13.12,
01/10/2020,3385.87,114.71,205.41,506.03,13.72,
02/10/2020,3338.94,110.08,200.13,516.43,13.19,
05/10/2020,3367.27,111.07,199.38,506.8,13.2,
06/10/2020,3408.74,112.82,200.92,518.72,13.79,
07/10/2020,3384.56,111.77,199.23,518.0,13.96,
08/10/2020,3434.28,113.36,202.54,533.48,14.04,
09/10/2020,3459.67,112.41,203.24,537.83,13.73,
12/10/2020,3500.02,117.07,210.51,548.81,13.95,
13/10/2020,3534.01,122.15,214.29,540.56,14.26,
14/10/2020,3515.47,117.99,214.56,562.61,14.25,
15/10/2020,3453.72,115.76,208.89,545.52,13.77,
16/10/2020,3493.5,118.26,211.82,549.5,14.0,
19/10/2020,3493.66,116.97,212.08,537.07,13.86,
20/10/2020,3439.38,113.31,207.64,528.14,13.54,
21/10/2020,3439.91,113.76,205.06,501.03,13.59,
22/10/2020,3438.5,114.52,205.84,494.69,13.48,
23/10/2020,3464.9,113.49,206.89,488.11,13.41,
26/10/2020,3441.42,111.17,205.76,487.03,13.39,
27/10/2020,3403.15,112.61,203.58,490.01,13.27,
28/10/2020,3342.48,112.18,199.81,486.36,13.16,
29/10/2020,3277.17,109.57,196.35,488.5,12.8,
30/10/2020,3293.59,108.29,195.8,502.01,12.81,
02/11/2020,3296.2,106.39,196.56,478.87,12.62,
03/11/2020,3336.25,106.93,196.18,484.93,12.67,
04/11/2020,3406.46,111.3,205.92,495.36,13.35,
05/11/2020,3485.74,115.01,213.64,506.56,14.12,
06/11/2020,3508.34,115.57,213.85,515.0,14.07,
09/11/2020,3583.04,117.7,215.95,485.54,14.51,
10/11/2020,3543.26,112.87,206.38,470.95,13.57,
11/11/2020,3563.22,114.47,204.35,483.0,13.02,
12/11/2020,3562.67,116.84,208.99,491.0,13.44,
13/11/2020,3552.57,116.67,208.17,486.77,13.59,
16/11/2020,3600.16,116.16,206.74,480.0,13.14,
17/11/2020,3610.31,116.77,207.92,480.12,13.51,
18/11/2020,3612.09,115.86,206.1,481.95,13.43,
19/11/2020,3559.41,114.86,203.92,482.0,13.18,
20/11/2020,3579.31,115.88,204.71,485.22,13.42,
23/11/2020,3566.82,114.46,203.5,490.46,13.13,
24/11/2020,3594.52,111.26,202.19,478.84,13.1,
25/11/2020,3635.5,112.87,207.51,485.13,13.0,
27/11/2020,3638.55,113.86,207.26,486.58,13.34,
30/11/2020,3634.18,114.25,206.54,490.08,13.23,
01/12/2020,3645.87,118.2,206.93,492.34,13.45,
02/12/2020,3653.78,119.19,207.29,501.62,13.31,
03/12/2020,3668.28,120.65,207.03,502.99,13.55,
04/12/2020,3670.94,119.75,206.66,497.5,13.41,
07/12/2020,3694.73,119.47,206.8,500.01,13.57,
08/12/2020,3683.05,121.48,206.41,517.9,13.55,
09/12/2020,3705.98,121.64,207.56,510.53,13.27,
10/12/2020,3659.13,117.7,204.29,494.56,12.84,
11/12/2020,3656.08,119.59,202.63,495.0,12.93,
14/12/2020,3675.27,119.75,205.57,505.44,13.06,
15/12/2020,3666.41,121.45,207.57,518.5,13.41,
16/12/2020,3696.25,124.45,207.17,520.11,13.39,
17/12/2020,3713.65,125.91,212.1,529.0,13.33,
18/12/2020,3722.39,125.97,210.87,533.2,13.34,
21/12/2020,3684.28,122.12,209.87,530.05,13.04,
22/12/2020,3698.08,128.55,214.82,527.69,13.29,
23/12/2020,3693.42,129.09,215.23,524.76,13.22,
24/12/2020,3694.03,128.27,213.6,515.12,13.0,
28/12/2020,3723.03,130.88,216.52,516.43,13.03,
29/12/2020,3750.01,134.84,218.32,519.9,12.89,
30/12/2020,3736.19,132.43,217.28,530.13,12.96,
31/12/2020,3733.27,130.97,213.87,525.53,13.1,
04/01/2021,3764.61,130.42,214.67,539.0,13.07,
05/01/2021,3698.02,125.9,209.59,521.55,13.07,
06/01/2021,3712.2,124.75,204.68,511.97,13.19,
07/01/2021,3764.71,125.38,206.48,508.28,12.94,
08/01/2021,3815.05,129.35,210.96,511.31,13.33,
11/01/2021,3803.14,126.19,210.75,507.84,13.38,
12/01/2021,3801.62,125.52,208.85,500.0,13.72,
13/01/2021,3802.23,125.77,206.46,495.5,13.46,
14/01/2021,3814.98,127.76,208.28,507.35,13.54,
15/01/2021,3788.73,125.79,205.98,500.0,13.2,
19/01/2021,3781.88,124.81,206.2,501.0,12.98,
20/01/2021,3816.22,125.67,210.01,565.42,13.08,
21/01/2021,3857.46,130.69,216.76,582.45,13.38,
22/01/2021,3844.24,133.12,219.06,582.1,13.7,
25/01/2021,3851.68,139.75,221.03,567.0,13.75,
26/01/2021,3862.96,140.27,223.67,554.73,13.55,
27/01/2021,3836.83,140.1,229.6,550.71,13.2,
28/01/2021,3755.75,136.28,227.29,535.88,12.96,
29/01/2021,3778.05,132.68,227.66,538.0,13.04,
01/02/2021,3731.17,130.64,226.76,536.79,13.02,
02/02/2021,3791.84,132.58,232.78,542.01,13.36,
03/02/2021,3840.27,132.61,231.11,550.17,13.6,
04/02/2021,3836.66,133.14,234.09,539.81,13.5,
05/02/2021,3878.3,134.36,233.68,552.26,13.69,
08/02/2021,3892.59,133.07,234.56,555.0,13.69,
09/02/2021,3910.49,133.65,233.33,546.0,14.3,
10/02/2021,3920.78,133.51,236.35,562.5,14.43,
11/02/2021,3916.4,132.94,236.14,564.44,14.94,
12/02/2021,3911.65,131.43,235.32,556.94,15.01,
16/02/2021,3939.61,132.54,236.38,557.29,15.03,
17/02/2021,3918.5,128.39,233.33,550.99,15.13,
18/02/2021,3915.86,126.39,233.8,549.0,14.69,
19/02/2021,3921.16,127.41,235.68,548.0,14.99,
22/02/2021,3885.55,125.22,229.56,534.99,14.74,
23/02/2021,3857.07,121.07,222.71,525.0,14.04,
24/02/2021,3873.71,122.22,222.4,539.8,14.09,
25/02/2021,3915.8,121.97,224.4,550.27,14.01,
26/02/2021,3839.66,119.92,223.87,546.51,13.72,
01/03/2021,3842.51,121.06,228.09,545.57,13.84,
02/03/2021,3903.64,125.62,229.17,553.34,13.86,
03/03/2021,3863.99,122.09,224.48,545.93,13.39,
04/03/2021,3818.53,119.1,219.24,521.5,12.77,
05/03/2021,3793.58,118.35,221.92,511.98,12.52,
08/03/2021,3844.39,118.3,223.71,514.46,12.42,
09/03/2021,3851.93,116.44,225.17,507.31,12.1,
10/03/2021,3891.99,119.04,229.16,513.5,12.81,
11/03/2021,3915.54,119.87,227.18,512.2,12.92,
12/03/2021,3924.52,117.78,226.27,512.5,12.62,
15/03/2021,3942.96,118.77,227.18,516.32,12.84,
16/03/2021,3973.59,122.96,228.46,524.47,13.33,
17/03/2021,3949.57,121.35,228.34,522.0,13.01,
18/03/2021,3953.5,120.21,224.86,516.4,13.11,
19/03/2021,3913.14,117.29,223.38,504.96,12.72,
22/03/2021,3916.48,117.71,222.65,509.13,12.88,
23/03/2021,3937.6,120.65,229.63,529.87,13.22,
24/03/2021,3919.93,120.15,229.98,533.78,13.12,
25/03/2021,3879.34,116.94,227.51,516.99,12.47,
26/03/2021,3917.12,117.73,223.89,502.82,12.53,
29/03/2021,3969.31,119.0,228.76,505.66,12.79,
30/03/2021,3963.34,117.5,225.8,510.51,12.81,
31/03/2021,3967.25,119.0,225.2,515.67,12.99,
01/04/2021,3992.78,120.97,230.58,529.93,13.54,
05/04/2021,4034.44,121.18,234.73,540.01,13.84,
06/04/2021,4075.57,123.75,239.42,544.81,13.97,
07/04/2021,4074.29,123.09,239.61,543.5,13.85,
08/04/2021,4089.95,126.14,244.4,551.13,14.22,
09/04/2021,4096.11,126.98,244.5,552.69,14.18,
12/04/2021,4124.71,129.64,246.28,551.05,14.26,
13/04/2021,4130.1,129.56,248.75,557.0,15.2,
14/04/2021,4141.58,132.0,248.96,554.87,15.59,
15/04/2021,4139.76,130.91,249.39,544.17,15.63,
16/04/2021,4174.14,131.38,250.88,550.54,16.02,
19/04/2021,4179.8,130.6,251.58,546.9,15.5,
20/04/2021,4159.18,132.08,249.29,554.42,15.29,
21/04/2021,4128.42,129.48,250.37,508.0,15.09,
22/04/2021,4170.46,130.15,251.6,513.82,15.34,
23/04/2021,4138.78,129.28,249.35,509.01,14.9,
26/04/2021,4185.03,131.9,253.0,506.76,15.15,
27/04/2021,4188.25,132.07,252.92,512.62,15.54,
28/04/2021,4185.14,131.39,247.6,505.2,15.33,
29/04/2021,4206.14,133.5,247.01,507.6,15.37,
30/04/2021,4198.1,128.91,241.48,505.0,15.14,
03/05/2021,4191.98,129.17,245.01,512.65,15.09,
04/05/2021,4179.04,128.34,242.66,510.78,14.6,
05/05/2021,4177.06,126.39,240.82,504.99,14.68,
06/05/2021,4169.14,125.11,238.29,495.99,14.46,
07/05/2021,4210.34,128.22,243.8,504.62,14.78,
10/05/2021,4228.29,126.81,242.57,502.0,14.76,
11/05/2021,4150.34,121.02,236.46,479.75,13.8,
12/05/2021,4130.55,120.92,234.16,486.83,13.98,
13/05/2021,4074.99,122.08,233.8,489.13,14.0,
14/05/2021,4129.58,123.71,237.45,487.86,13.86,
17/05/2021,4169.92,124.27,238.39,485.59,14.13,
18/05/2021,4165.94,124.02,238.12,488.4,14.24,
19/05/2021,4098.45,120.68,231.92,481.63,13.54,
20/05/2021,4121.97,122.71,236.43,489.55,14.27,
21/05/2021,4168.61,125.25,239.93,503.12,15.13,
24/05/2021,4170.16,123.48,240.14,501.05,15.18,
25/05/2021,4205.94,125.25,244.0,506.0,15.73,
26/05/2021,4191.59,124.41,243.67,502.34,15.7,
27/05/2021,4201.94,123.9,243.42,501.8,15.66,
28/05/2021,4210.77,123.05,243.25,504.4,15.47,
01/06/2021,4216.52,122.57,243.48,504.01,16.23,
02/06/2021,4206.82,121.78,240.47,499.82,16.22,
03/06/2021,4191.43,122.17,237.65,495.19,16.66,
04/06/2021,4206.05,121.58,240.11,492.0,17.08,
07/06/2021,4229.34,123.63,242.26,492.92,17.53,
08/06/2021,4233.81,124.06,247.28,497.0,17.49,
09/06/2021,4232.99,124.65,245.98,494.5,17.48,
10/06/2021,4228.56,124.47,246.44,487.17,17.32,
11/06/2021,4242.9,123.99,250.03,490.0,17.44,
14/06/2021,4248.31,125.25,249.94,489.68,17.87,
15/06/2021,4255.28,127.33,251.75,501.23,17.88,
16/06/2021,4248.87,127.75,251.39,495.0,17.76,
17/06/2021,4220.37,127.19,248.17,490.25,17.74,
18/06/2021,4204.78,128.08,251.62,496.4,18.75,
21/06/2021,4173.4,127.68,251.8,501.64,18.4,
22/06/2021,4224.61,129.48,254.61,498.54,18.43,
23/06/2021,4249.27,131.08,257.78,508.48,18.97,
24/06/2021,4256.97,131.75,257.95,517.96,19.19,
25/06/2021,4274.45,130.78,258.01,528.84,19.24,
28/06/2021,4284.9,130.73,257.98,528.12,19.32,
29/06/2021,4293.21,132.09,260.57,533.55,19.84,
30/06/2021,4290.65,133.43,262.34,534.06,19.96,
01/07/2021,4300.73,133.85,261.29,525.72,20.09,
02/07/2021,4326.6,135.13,264.4,535.5,20.4,
06/07/2021,4356.46,137.26,269.45,533.0,20.7,
07/07/2021,4351.01,140.66,270.78,544.24,20.81,
08/07/2021,4321.07,138.74,268.35,530.93,19.82,
09/07/2021,4329.38,139.88,267.21,531.0,19.92,
12/07/2021,4372.41,143.27,270.54,540.3,20.2,
13/07/2021,4381.07,141.14,268.96,535.76,20.36,
14/07/2021,4380.11,145.12,273.64,541.01,20.32,
15/07/2021,4369.02,146.24,273.3,553.97,19.77,
16/07/2021,4367.43,145.48,273.36,541.81,18.99,
19/07/2021,4296.4,140.86,270.32,526.05,17.88,
20/07/2021,4265.11,140.58,269.45,526.07,18.69,
21/07/2021,4331.13,142.6,270.29,526.13,18.84,
22/07/2021,4361.27,143.01,275.08,510.21,19.6,
23/07/2021,4381.2,144.58,278.5,512.16,19.62,
26/07/2021,4409.58,145.29,280.08,514.38,19.27,
27/07/2021,4416.38,146.12,280.5,518.08,19.23,
28/07/2021,4402.95,141.9,280.07,521.82,19.28,
29/07/2021,4403.59,141.78,277.41,519.96,19.48,
30/07/2021,4395.12,141.48,276.37,512.69,19.38,
02/08/2021,4406.86,143.42,277.52,519.0,19.66,
03/08/2021,4392.74,142.88,276.61,514.39,19.7,
04/08/2021,4415.95,144.31,277.39,513.0,19.95,
05/08/2021,4408.86,144.03,278.03,517.13,20.46,
06/08/2021,4429.07,143.62,279.61,524.0,20.48,
09/08/2021,4437.77,143.48,280.81,521.15,20.41,
10/08/2021,4435.79,143.71,279.89,520.0,20.28,
11/08/2021,4442.18,143.33,278.35,517.0,20.0,
12/08/2021,4446.08,143.47,277.78,511.86,19.83,
13/08/2021,4464.84,146.2,280.55,512.64,19.87,
16/08/2021,4461.65,145.77,284.14,515.24,20.1,
17/08/2021,4462.12,147.43,283.37,515.47,19.65,
18/08/2021,4440.94,147.01,283.57,520.0,19.46,
19/08/2021,4382.44,142.33,280.32,522.74,19.46,
20/08/2021,4410.56,144.69,291.03,545.09,19.95,
23/08/2021,4450.29,145.55,294.45,545.98,20.93,
24/08/2021,4484.4,146.67,296.17,551.48,21.71,
25/08/2021,4490.45,147.02,295.47,550.16,21.69,
26/08/2021,4493.75,145.59,292.26,546.16,22.16,
27/08/2021,4474.1,144.73,290.32,551.6,22.14,
30/08/2021,4513.76,146.22,292.39,557.25,22.78,
31/08/2021,4529.75,149.82,295.59,566.12,22.66,
01/09/2021,4528.8,149.98,294.08,569.0,22.44,
02/09/2021,4534.48,151.0,293.43,583.68,22.48,
03/09/2021,4532.42,150.9,292.26,585.8,22.28,
07/09/2021,4535.38,152.08,292.28,594.69,22.79,
08/09/2021,4518.09,154.06,291.08,603.84,22.47,
09/09/2021,4513.02,152.59,292.09,606.47,22.27,
10/09/2021,4506.92,152.11,289.76,598.16,22.31,
13/09/2021,4474.81,147.82,288.92,598.57,22.64,
14/09/2021,4479.33,147.55,290.87,584.89,22.24,
15/09/2021,4447.49,145.79,294.46,578.17,22.27,
16/09/2021,4477.09,145.67,294.95,584.3,22.14,
17/09/2021,4469.74,146.05,295.35,587.85,22.26,
20/09/2021,4402.95,141.12,287.74,586.79,21.11,
21/09/2021,4374.45,141.25,287.11,578.31,21.38,
22/09/2021,4367.43,141.76,288.12,579.69,21.33,
23/09/2021,4406.75,143.92,290.18,590.79,22.1,
24/09/2021,4438.04,142.95,289.58,592.5,22.03,
27/09/2021,4442.12,142.76,287.55,587.95,21.67,
28/09/2021,4419.54,140.58,281.39,589.0,21.18,
29/09/2021,4362.41,139.82,276.83,589.01,20.9,
30/09/2021,4370.67,140.98,277.42,608.05,20.73,
01/10/2021,4317.16,139.26,273.94,604.24,20.71,
04/10/2021,4348.84,139.12,279.06,613.39,20.47,
05/10/2021,4309.87,136.89,275.81,606.94,19.91,
06/10/2021,4319.57,136.87,277.49,628.18,20.08,
07/10/2021,4383.73,140.4,286.62,642.23,21.05,
08/10/2021,4406.51,141.35,287.63,634.17,21.06,
11/10/2021,4385.44,139.62,284.42,633.2,20.54,
12/10/2021,4368.31,140.56,286.77,633.02,20.79,
13/10/2021,4358.01,138.61,286.36,632.18,20.88,
14/10/2021,4386.75,139.46,290.53,632.23,21.25,
15/10/2021,4447.69,141.09,293.57,638.0,21.77,
18/10/2021,4463.72,140.78,294.76,632.1,21.71,
19/10/2021,4497.34,144.27,299.41,636.97,22.24,
20/10/2021,4524.42,145.93,300.24,625.57,22.26,
21/10/2021,4532.24,146.04,298.26,628.89,22.06,
22/10/2021,4546.12,146.9,301.4,651.81,22.78,
25/10/2021,4553.69,145.91,300.39,663.74,22.93,
26/10/2021,4578.69,146.55,301.98,673.76,23.95,
27/10/2021,4580.22,146.58,306.83,669.0,24.43,
28/10/2021,4562.84,147.03,314.92,670.95,24.83,
29/10/2021,4572.87,144.48,314.73,673.06,24.96,
01/11/2021,4610.62,146.21,321.75,689.06,25.6,
02/11/2021,4613.34,145.89,320.73,683.11,25.78,
03/11/2021,4630.65,147.59,324.21,677.27,26.62,
04/11/2021,4662.93,148.76,323.23,685.89,27.18,
05/11/2021,4699.26,149.28,328.69,663.97,30.13,
08/11/2021,4701.48,148.81,327.52,650.29,30.1,
09/11/2021,4707.25,147.62,327.33,653.7,32.22,
10/11/2021,4670.26,147.44,324.86,653.01,29.3,
11/11/2021,4659.39,146.4,321.64,650.24,30.41,
12/11/2021,4655.24,145.88,324.23,660.01,29.96,
15/11/2021,4689.3,147.78,327.75,681.24,30.5,
16/11/2021,4679.42,147.36,325.94,678.27,29.71,
17/11/2021,4701.5,148.4,329.71,690.0,30.36,
18/11/2021,4700.72,151.07,328.97,691.61,32.31,
19/11/2021,4708.44,154.94,333.31,692.35,32.19,
22/11/2021,4712.0,158.9,335.24,676.02,33.46,
23/11/2021,4678.48,158.35,327.87,658.18,31.48,
24/11/2021,4675.78,157.99,327.12,658.01,31.4,
26/11/2021,4664.63,156.83,325.25,675.0,32.54,
29/11/2021,4628.75,156.63,325.82,663.2,32.31,
30/11/2021,4640.25,157.24,326.19,668.2,33.11,
01/12/2021,4602.82,164.6,326.0,649.48,33.16,
02/12/2021,4504.73,156.01,321.31,617.1,31.16,
03/12/2021,4589.49,161.2,322.95,622.75,31.95,
06/12/2021,4548.37,161.46,315.13,606.01,29.83,
07/12/2021,4631.97,166.17,322.61,619.83,30.91,
08/12/2021,4690.86,169.17,326.18,630.0,31.95,
09/12/2021,4691.0,171.9,325.3,627.58,31.68,
10/12/2021,4687.64,172.2,325.86,616.78,31.1,
13/12/2021,4710.3,178.0,331.4,612.0,30.2,
14/12/2021,4642.99,172.24,324.15,598.71,27.65,
15/12/2021,4636.46,172.1,319.66,598.18,28.35,
16/12/2021,4719.13,176.2,326.57,597.09,31.1,
17/12/2021,4652.5,167.01,312.14,591.61,27.94,
20/12/2021,4587.9,165.39,311.33,586.43,27.26,
21/12/2021,4594.96,168.61,314.49,597.54,28.33,
22/12/2021,4650.36,170.06,319.36,603.36,28.84,
23/12/2021,4703.96,172.83,323.69,616.4,29.71,
27/12/2021,4733.99,174.04,326.32,615.0,29.61,
28/12/2021,4795.49,177.06,333.81,614.95,31.26,
29/12/2021,4788.64,176.25,332.01,610.71,30.22,
30/12/2021,4794.23,176.38,332.6,612.99,29.78,
31/12/2021,4775.21,175.03,329.29,610.01,29.62,
03/01/2022,4778.14,174.77,326.22,605.61,29.76,
04/01/2022,4804.51,179.49,325.71,599.91,30.23,
05/01/2022,4787.99,176.52,316.99,592.0,28.9,
06/01/2022,4693.39,169.73,304.62,554.34,27.59,
07/01/2022,4697.66,169.92,305.6,549.46,28.09,
10/01/2022,4655.34,166.17,301.06,538.49,26.54,
11/01/2022,4669.14,169.36,304.85,536.99,27.28,
12/01/2022,4728.59,173.09,310.96,544.27,28.02,
13/01/2022,4733.56,172.76,311.74,537.06,28.33,
14/01/2022,4637.99,168.39,295.96,517.6,26.26,
18/01/2022,4632.24,168.56,295.79,520.08,26.22,
19/01/2022,4588.03,167.08,297.95,515.0,26.04,
20/01/2022,4547.35,164.11,300.65,517.75,25.26,
21/01/2022,4471.38,161.59,294.45,400.43,23.47,
24/01/2022,4356.32,157.27,284.24,383.91,22.29,
25/01/2022,4366.64,156.25,283.58,379.14,22.51,
26/01/2022,4408.43,160.69,299.6,378.27,23.2,
27/01/2022,4380.58,159.66,294.42,382.06,23.53,
28/01/2022,4336.19,162.86,292.05,386.76,21.98,
31/01/2022,4431.79,167.23,300.54,401.97,23.14,
01/02/2022,4519.57,171.02,301.96,432.96,25.06,
02/02/2022,4566.39,171.74,301.2,448.25,25.75,
03/02/2022,4535.41,171.48,301.06,421.44,24.42,
04/02/2022,4482.79,168.94,292.04,407.31,23.93,
07/02/2022,4505.75,170.1,297.83,410.17,24.33,
08/02/2022,4480.02,168.99,293.05,398.18,24.32,
09/02/2022,4547.0,173.24,301.43,408.65,25.58,
10/02/2022,4553.24,171.36,295.76,402.1,25.95,
11/02/2022,4506.27,169.58,294.93,405.33,25.87,
14/02/2022,4412.61,164.7,285.77,387.59,23.89,
15/02/2022,4429.28,168.24,291.84,403.79,24.91,
16/02/2022,4455.75,169.11,290.85,401.53,26.22,
17/02/2022,4456.06,168.3,288.89,394.24,25.59,
18/02/2022,4384.57,167.11,285.66,392.53,24.63,
22/02/2022,4332.74,162.35,277.81,388.95,23.0,
23/02/2022,4324.93,162.9,282.86,382.72,23.76,
24/02/2022,4155.77,150.15,265.64,355.09,20.98,
25/02/2022,4298.38,161.23,287.7,386.61,23.68,
28/02/2022,4354.17,160.46,286.89,387.33,23.95,
01/03/2022,4363.14,162.07,288.92,391.6,24.25,
02/03/2022,4322.56,161.77,287.91,388.93,23.72,
03/03/2022,4401.31,165.78,295.25,386.0,24.23,
04/03/2022,4342.12,161.87,286.87,368.0,23.35,
07/03/2022,4327.01,160.76,281.25,360.41,22.78,
08/03/2022,4202.66,156.29,270.79,349.8,21.28,
09/03/2022,4223.1,158.9,276.29,357.69,22.35,
10/03/2022,4252.55,157.65,275.88,356.2,22.5,
11/03/2022,4279.5,156.4,280.7,361.19,22.99,
14/03/2022,4202.75,149.04,273.27,338.72,21.84,
15/03/2022,4188.82,148.49,273.28,335.1,21.49,
16/03/2022,4288.14,154.55,281.82,348.2,23.46,
17/03/2022,4345.11,156.08,285.89,359.7,24.08,
18/03/2022,4407.34,157.95,287.92,372.0,24.76,
21/03/2022,4462.4,160.9,291.35,378.02,26.47,
22/03/2022,4469.1,162.87,292.24,371.14,26.69,
23/03/2022,4493.1,165.31,292.93,379.77,26.09,
24/03/2022,4469.98,168.33,291.6,379.76,26.13,
25/03/2022,4522.91,171.11,297.53,377.07,27.84,
28/03/2022,4541.09,169.42,296.65,375.23,27.72,
29/03/2022,4602.86,173.87,305.99,384.39,28.65,
30/03/2022,4624.2,175.7,305.85,389.55,28.26,
31/03/2022,4599.02,175.0,305.98,383.59,27.74,
01/04/2022,4540.32,171.26,301.57,376.8,27.33,
04/04/2022,4547.97,171.79,302.27,373.55,26.69,
05/04/2022,4572.45,174.67,305.37,389.3,27.21,
06/04/2022,4494.17,169.61,297.49,374.15,24.9,
07/04/2022,4474.65,168.43,289.18,365.0,24.4,
08/04/2022,4494.15,169.04,292.86,361.96,23.88,
11/04/2022,4462.64,166.02,284.43,350.0,22.18,
12/04/2022,4437.59,165.34,281.95,355.91,22.5,
13/04/2022,4394.3,164.72,275.6,343.92,21.7,
14/04/2022,4449.12,167.9,280.82,350.95,22.47,
18/04/2022,4385.63,161.31,271.88,340.0,21.17,
19/04/2022,4390.63,162.39,272.33,333.22,21.69,
20/04/2022,4472.26,166.07,282.1,245.2,22.48,
21/04/2022,4489.17,166.22,281.3,220.0,21.68,
22/04/2022,4385.83,163.81,274.58,220.18,20.27,
25/04/2022,4255.34,158.55,266.4,213.81,19.17,
26/04/2022,4278.14,159.66,270.5,208.8,19.69,
27/04/2022,4186.52,153.42,274.99,194.01,18.57,
28/04/2022,4222.58,156.71,278.0,191.56,18.94,
29/04/2022,4253.75,159.26,281.33,198.68,19.37,
02/05/2022,4130.61,154.21,270.71,191.71,18.51,
03/05/2022,4159.78,155.63,276.8,198.29,19.37,
04/05/2022,4181.18,157.12,275.46,197.65,19.89,
05/05/2022,4270.43,161.24,278.34,200.45,19.84,
06/05/2022,4128.17,153.75,267.88,186.75,18.71,
09/05/2022,4081.27,152.68,263.25,177.66,18.01,
10/05/2022,4035.18,153.26,264.84,176.01,17.66,
11/05/2022,3990.08,151.27,258.98,176.09,17.32,
12/05/2022,3903.95,140.7,251.19,163.96,16.2,
13/05/2022,3963.9,142.49,250.86,177.16,16.76,
16/05/2022,4013.02,143.44,253.4,193.3,17.48,
17/05/2022,4052.0,146.7,259.4,189.17,18.05,
18/05/2022,4051.98,144.72,256.96,186.72,17.68,
19/05/2022,3899.0,137.85,248.07,178.05,16.91,
20/05/2022,3927.76,137.07,251.34,185.87,17.31,
23/05/2022,3919.42,135.79,249.63,186.15,16.25,
24/05/2022,3942.94,138.77,251.97,182.0,16.48,
25/05/2022,3929.59,136.42,252.22,180.28,16.0,
26/05/2022,3984.6,135.4,256.25,186.49,16.01,
27/05/2022,4077.43,143.28,262.32,193.19,18.16,
31/05/2022,4151.09,146.91,266.28,196.18,18.95,
01/06/2022,4149.78,147.73,268.88,198.7,18.7,
02/06/2022,4095.41,145.69,258.38,192.02,18.26,
03/06/2022,4137.57,144.77,264.11,200.14,19.05,
06/06/2022,4134.72,144.9,265.82,202.09,19.11,
07/06/2022,4096.47,142.26,260.52,194.87,18.44,
08/06/2022,4147.12,146.43,265.48,197.95,18.77,
09/06/2022,4101.65,144.95,261.63,200.65,18.46,
10/06/2022,3974.39,138.25,254.6,182.64,17.58,
13/06/2022,3838.15,130.94,239.48,177.07,15.98,
14/06/2022,3763.52,131.2,238.26,169.75,15.71,
15/06/2022,3764.05,132.34,242.61,169.26,16.07,
16/06/2022,3728.18,130.16,240.34,174.0,15.84,
17/06/2022,3665.9,128.18,239.08,173.63,15.63,
21/06/2022,3715.31,131.49,244.52,177.6,16.45,
22/06/2022,3733.89,132.84,246.11,170.75,16.2,
23/06/2022,3774.71,134.84,249.7,180.5,16.5,
24/06/2022,3821.75,137.87,255.8,183.5,16.48,
27/06/2022,3920.76,140.63,262.06,191.77,17.29,
28/06/2022,3913.0,140.07,257.92,189.2,16.88,
29/06/2022,3825.09,135.47,251.68,179.55,15.79,
30/06/2022,3785.99,135.26,251.15,177.07,15.34,
01/07/2022,3781.0,134.07,250.51,176.49,14.88,
05/07/2022,3792.61,135.77,250.28,176.28,14.16,
06/07/2022,3831.98,139.3,257.7,185.2,14.99,
07/07/2022,3858.85,141.21,259.04,184.27,15.44,
08/07/2022,3888.26,143.15,258.71,186.02,15.41,
11/07/2022,3880.94,143.56,259.55,184.73,15.51,
12/07/2022,3851.95,143.65,259.78,177.33,15.25,
13/07/2022,3779.67,140.92,244.45,170.5,14.57,
14/07/2022,3763.99,141.99,244.82,175.56,15.09,
15/07/2022,3818.0,147.61,249.85,175.58,15.64,
18/07/2022,3883.79,148.55,253.79,192.5,16.28,
19/07/2022,3860.73,145.78,251.67,193.02,16.46,
20/07/2022,3935.32,148.93,253.94,208.17,16.92,
21/07/2022,3955.47,152.26,253.83,214.3,17.86,
22/07/2022,3998.43,153.14,259.15,222.38,17.87,
25/07/2022,3965.72,151.78,255.01,221.31,17.0,
26/07/2022,3953.22,150.05,253.9,216.66,16.87,
27/07/2022,3951.43,150.37,255.17,216.48,17.01,
28/07/2022,4026.13,154.7,263.56,224.6,17.95,
29/07/2022,4087.33,158.9,271.33,223.29,17.79,
01/08/2022,4112.38,158.68,271.44,223.1,18.16,
02/08/2022,4104.21,157.78,269.67,222.76,18.1,
03/08/2022,4107.96,158.51,270.41,224.79,18.16,
04/08/2022,4154.85,163.6,275.33,227.68,18.82,
05/08/2022,4115.87,161.07,272.74,225.3,18.79,
08/08/2022,4155.93,164.18,277.53,227.49,17.48,
09/08/2022,4133.11,161.87,273.22,231.62,17.23,
10/08/2022,4181.02,165.48,281.56,236.99,17.68,
11/08/2022,4227.4,167.83,284.18,244.68,18.11,
12/08/2022,4225.02,167.59,281.86,244.81,18.14,
15/08/2022,4269.37,169.27,284.32,248.11,18.68,
16/08/2022,4290.46,170.51,285.29,247.16,18.9,
17/08/2022,4280.4,170.5,283.69,241.18,18.5,
18/08/2022,4273.13,171.47,284.13,241.96,18.28,
19/08/2022,4266.31,170.76,282.87,240.95,18.38,
22/08/2022,4195.08,167.46,276.19,232.55,17.47,
23/08/2022,4133.09,164.89,270.67,226.46,16.97,
24/08/2022,4126.55,165.12,269.66,225.66,16.99,
25/08/2022,4153.26,166.56,271.54,230.24,16.82,
26/08/2022,4198.74,168.33,273.25,233.63,17.83,
29/08/2022,4034.58,159.03,260.3,221.93,16.0,
30/08/2022,4041.25,160.0,261.1,226.66,15.94,
31/08/2022,4000.67,158.21,259.85,227.0,15.36,
01/09/2022,3936.73,154.58,253.47,220.72,14.19,
02/09/2022,3994.66,157.65,256.24,231.03,14.08,
06/09/2022,3930.89,154.42,250.85,225.59,13.71,
07/09/2022,3909.43,152.79,249.38,220.21,13.55,
08/09/2022,3959.94,152.61,252.14,224.16,13.45,
09/09/2022,4022.94,153.43,255.06,229.62,14.14,
12/09/2022,4083.67,157.5,260.23,233.61,14.36,
13/09/2022,4037.12,157.8,253.44,226.5,13.79,
14/09/2022,3940.73,152.76,248.24,219.82,13.24,
15/09/2022,3932.41,152.62,244.56,230.47,13.0,
16/09/2022,3880.95,149.22,239.16,231.22,12.73,
19/09/2022,3849.91,147.35,237.41,245.05,13.0,
20/09/2022,3875.23,151.39,237.02,240.37,13.2,
21/09/2022,3871.4,155.27,239.17,242.67,13.2,
22/09/2022,3782.36,150.38,232.9,235.35,13.06,
23/09/2022,3727.14,149.21,234.54,235.14,12.41,
26/09/2022,3682.72,147.7,232.1,225.6,12.48,
27/09/2022,3686.44,150.73,234.97,228.63,12.5,
28/09/2022,3651.94,145.7,231.87,229.69,12.4,
29/09/2022,3687.01,144.18,233.9,241.61,12.44,
30/09/2022,3633.48,139.43,233.32,237.0,12.08,
03/10/2022,3609.78,136.4,230.5,237.85,12.34,
04/10/2022,3726.46,143.13,239.97,244.84,12.87,
05/10/2022,3753.25,142.18,240.86,238.76,12.9,
06/10/2022,3771.97,143.9,242.76,236.68,13.21,
07/10/2022,3706.74,140.67,235.87,235.77,12.49,
10/10/2022,3647.51,138.58,228.18,225.64,12.02,
11/10/2022,3595.86,138.06,222.87,226.05,11.55,
12/10/2022,3590.83,137.3,220.7,214.3,11.57,
13/10/2022,3520.37,133.22,215.26,212.69,10.96,
14/10/2022,3690.41,142.42,230.62,237.8,12.04,
17/10/2022,3638.65,139.22,230.9,234.41,11.51,
18/10/2022,3746.26,143.58,238.16,249.8,12.33,
19/10/2022,3703.11,139.83,232.09,265.0,11.87,
20/10/2022,3689.05,141.14,230.85,272.78,12.1,
21/10/2022,3657.1,140.99,229.84,268.95,12.09,
24/10/2022,3762.01,145.26,238.67,290.23,12.5,
25/10/2022,3799.44,148.12,242.1,286.95,12.68,
26/10/2022,3825.97,148.98,226.34,290.04,12.86,
27/10/2022,3834.69,146.13,226.22,298.33,13.62,
28/10/2022,3808.26,146.25,221.52,297.7,13.09,
31/10/2022,3881.85,151.15,228.88,295.13,13.76,
01/11/2022,3901.79,153.04,229.7,296.17,13.8,
02/11/2022,3852.9,146.99,224.67,286.4,13.84,
03/11/2022,3733.25,140.2,215.5,271.25,13.03,
04/11/2022,3766.98,140.46,213.01,272.02,13.97,
07/11/2022,3780.71,135.53,217.36,261.06,14.21,
08/11/2022,3817.02,138.8,223.93,259.92,14.79,
09/11/2022,3810.94,136.91,222.62,259.66,14.15,
10/11/2022,3859.89,139.62,230.52,265.99,14.78,
11/11/2022,3963.72,144.14,237.92,274.47,15.79,
14/11/2022,3977.97,147.26,236.94,290.0,16.2,
15/11/2022,4006.41,150.47,240.53,309.2,16.71,
16/11/2022,3976.82,147.42,238.39,309.94,16.15,
17/11/2022,3919.26,144.75,233.47,294.72,15.7,
18/11/2022,3966.39,150.56,239.1,297.33,15.95,
21/11/2022,3956.23,148.43,237.06,291.0,15.13,
22/11/2022,3965.51,146.43,239.18,284.99,15.31,
23/11/2022,4000.3,147.73,240.67,285.91,16.08,
25/11/2022,4023.34,146.6,242.83,289.0,16.3,
28/11/2022,4005.36,143.47,241.62,284.0,16.01,
29/11/2022,3964.19,142.63,237.03,282.5,15.81,
30/11/2022,3957.18,139.78,236.21,281.37,15.69,
01/12/2022,4087.14,146.51,249.27,303.99,16.99,
02/12/2022,4040.17,144.28,245.3,310.49,16.65,
05/12/2022,4052.02,146.07,247.44,316.46,16.67,
06/12/2022,3996.63,145.38,246.28,311.0,16.52,
07/12/2022,3933.28,140.56,240.4,306.5,15.76,
08/12/2022,3947.79,140.72,240.4,309.11,16.26,
09/12/2022,3954.17,140.7,240.27,321.45,17.15,
12/12/2022,3939.29,141.06,242.97,320.0,17.02,
13/12/2022,4069.38,147.78,256.95,328.0,18.52,
14/12/2022,4015.54,143.68,252.47,318.97,17.97,
15/12/2022,3958.37,139.49,249.12,302.12,17.13,
16/12/2022,3890.91,135.12,244.05,288.76,16.85,
19/12/2022,3853.79,133.56,240.42,289.73,16.56,
20/12/2022,3810.47,129.88,235.06,281.24,16.05,
21/12/2022,3839.49,131.45,237.31,289.99,16.1,
22/12/2022,3853.26,132.81,236.89,298.09,16.08,
23/12/2022,3815.11,129.42,231.83,296.18,15.18,
27/12/2022,3843.34,129.87,234.38,293.19,15.06,
28/12/2022,3829.56,128.18,232.6,281.92,13.92,
29/12/2022,3805.45,126.52,231.38,283.18,14.39,
30/12/2022,3829.06,126.93,233.9,285.53,14.32,
03/01/2023,3853.29,128.78,238.68,298.06,14.84,
04/01/2023,3840.36,125.43,228.07,298.24,14.56,
05/01/2023,3839.74,125.67,223.08,307.0,14.48,
06/01/2023,3823.37,124.56,218.96,311.57,14.46,
09/01/2023,3910.82,128.97,222.35,316.83,15.27,
10/01/2023,3888.57,128.76,223.63,311.07,15.5,
11/01/2023,3932.35,129.74,227.1,326.5,15.83,
12/01/2023,3977.57,132.34,231.0,332.5,16.09,
13/01/2023,3960.6,130.51,232.71,329.97,16.27,
17/01/2023,3999.28,133.28,233.66,331.08,16.89,
18/01/2023,4002.25,135.25,237.19,326.75,17.65,
19/01/2023,3911.84,132.54,229.54,322.57,17.02,
20/01/2023,3909.04,133.72,230.61,336.79,17.0,
23/01/2023,3978.14,136.53,236.73,341.72,18.05,
24/01/2023,4001.74,138.7,238.11,357.53,18.81,
25/01/2023,3982.71,139.27,230.23,360.57,18.9,
26/01/2023,4036.08,141.52,239.24,368.77,19.69,
27/01/2023,4053.72,141.51,244.48,363.2,19.45,
30/01/2023,4049.27,143.29,240.08,358.44,19.94,
31/01/2023,4020.85,141.06,239.04,349.98,19.16,
01/02/2023,4070.07,142.32,243.51,353.86,19.68,
02/02/2023,4158.68,147.19,254.13,365.16,20.98,
03/02/2023,4136.69,146.33,254.84,359.08,20.98,
06/02/2023,4119.57,150.82,252.78,363.64,20.79,
07/02/2023,4105.35,148.91,255.81,358.51,21.37,
08/02/2023,4153.47,152.11,268.25,360.02,22.37,
09/02/2023,4144.25,152.01,268.84,372.41,22.59,
10/02/2023,4068.92,147.97,256.79,359.16,21.67,
13/02/2023,4096.62,149.44,262.79,349.5,21.52,
14/02/2023,4126.7,150.6,267.73,357.55,21.56,
15/02/2023,4119.5,151.58,264.12,356.63,22.53,
16/02/2023,4114.75,151.98,259.89,355.0,22.12,
17/02/2023,4077.39,150.83,255.33,347.91,21.62,
21/02/2023,4052.35,148.7,250.5,342.85,20.98,
22/02/2023,4001.83,147.38,250.11,337.5,20.69,
23/02/2023,4018.6,148.59,251.56,331.23,23.42,
24/02/2023,3973.24,145.64,246.05,319.3,23.21,
27/02/2023,3992.36,146.24,248.51,323.87,23.65,
28/02/2023,3977.19,145.58,245.17,323.7,23.36,
01/03/2023,3963.34,145.36,246.83,321.55,23.18,
02/03/2023,3938.68,142.94,242.69,310.96,22.47,
03/03/2023,3998.02,146.56,248.24,315.45,23.3,
06/03/2023,4055.15,152.26,252.42,317.0,23.87,
07/03/2023,4048.26,152.16,252.29,312.68,23.59,
08/03/2023,3987.55,151.28,250.06,309.29,23.47,
09/03/2023,3998.66,152.03,251.82,312.08,24.16,
10/03/2023,3912.77,148.71,247.15,297.9,23.4,
13/03/2023,3835.12,146.33,243.53,287.34,22.74,
14/03/2023,3894.01,149.77,252.73,295.97,23.48,
15/03/2023,3876.74,149.68,255.91,292.51,23.75,
16/03/2023,3878.93,150.64,261.06,304.75,24.01,
17/03/2023,3958.69,154.52,273.9,310.06,25.97,
20/03/2023,3917.47,153.52,272.64,299.79,25.6,
21/03/2023,3975.89,155.75,270.58,306.32,26.16,
22/03/2023,4002.04,157.71,269.12,306.31,26.41,
23/03/2023,3959.21,157.24,273.59,304.68,27.1,
24/03/2023,3939.21,157.27,272.9,320.63,27.02,
27/03/2023,3982.93,158.34,276.11,327.55,26.82,
28/03/2023,3974.13,156.39,271.47,326.06,26.43,
29/03/2023,3999.53,157.78,274.59,326.29,26.81,
30/03/2023,4046.74,159.92,279.78,340.27,27.21,
31/03/2023,4056.18,160.82,279.29,340.05,27.12,
03/04/2023,4102.2,162.63,282.03,341.83,27.49,
04/04/2023,4128.03,164.94,282.73,348.49,27.95,
05/04/2023,4094.5,163.1,281.38,345.3,26.81,
06/04/2023,4081.15,160.81,278.78,339.34,26.57,
10/04/2023,4085.2,159.81,284.68,335.27,26.81,
11/04/2023,4110.29,160.73,281.28,343.45,27.71,
12/04/2023,4121.72,159.61,280.33,340.81,27.36,
13/04/2023,4100.04,160.02,279.15,339.99,26.72,
14/04/2023,4140.11,162.95,282.51,342.94,26.49,
17/04/2023,4137.17,163.44,285.39,338.0,26.55,
18/04/2023,4164.26,164.44,287.0,335.0,27.52,
19/04/2023,4139.33,164.14,281.51,324.21,27.35,
20/04/2023,4130.48,164.43,280.78,320.39,27.66,
21/04/2023,4132.14,163.4,280.55,323.0,26.94,
24/04/2023,4132.07,163.35,277.67,330.2,27.0,
25/04/2023,4126.43,163.54,275.13,328.5,27.06,
26/04/2023,4087.78,161.43,292.06,321.36,26.99,
27/04/2023,4075.29,163.54,291.34,324.3,27.35,
28/04/2023,4129.63,166.81,299.25,325.24,27.21,
01/05/2023,4166.79,167.59,302.16,329.44,27.82,
02/05/2023,4164.1,168.39,302.94,325.0,28.66,
03/05/2023,4122.25,167.81,301.82,317.55,27.82,
04/05/2023,4082.55,163.24,301.45,319.01,27.64,
05/05/2023,4084.73,169.27,300.93,323.61,27.81,
08/05/2023,4136.98,170.76,305.27,322.99,28.51,
09/05/2023,4124.25,171.32,303.18,330.67,28.88,
10/05/2023,4143.74,171.29,303.79,335.21,28.99,
11/05/2023,4132.24,172.11,305.24,334.98,28.88,
12/05/2023,4138.54,172.12,305.69,344.76,28.51,
15/05/2023,4126.65,171.67,304.26,340.62,28.49,
16/05/2023,4127.95,170.51,304.98,334.0,28.82,
17/05/2023,4122.85,170.23,308.07,331.76,29.57,
18/05/2023,4157.68,171.51,310.28,347.25,30.39,
19/05/2023,4204.15,174.87,312.46,369.86,31.52,
22/05/2023,4190.78,172.48,314.3,365.36,30.88,
23/05/2023,4176.8,171.64,315.71,360.24,30.98,
24/05/2023,4132.96,169.62,310.48,356.93,30.19,
25/05/2023,4155.71,170.92,318.88,359.61,38.5,
26/05/2023,4156.16,171.83,319.64,361.1,37.87,
30/05/2023,4226.71,175.44,330.7,397.48,40.57,
31/05/2023,4190.74,175.8,327.8,391.89,39.47,
01/06/2023,4183.03,176.17,321.53,397.41,38.47,
02/06/2023,4241.01,179.47,329.74,402.89,40.08,
05/06/2023,4282.99,181.06,330.69,400.47,38.89,
06/06/2023,4271.34,178.42,330.8,405.0,38.81,
07/06/2023,4285.47,176.9,327.17,410.43,38.9,
08/06/2023,4268.69,176.37,319.57,399.77,37.71,
09/06/2023,4304.88,179.94,320.6,424.5,39.02,
12/06/2023,4308.32,179.71,324.14,418.83,39.18,
13/06/2023,4352.61,181.22,329.95,430.01,40.17,
14/06/2023,4366.29,181.79,329.82,434.99,40.8,
15/06/2023,4365.33,182.38,332.92,444.1,42.58,
16/06/2023,4440.95,185.12,346.58,446.15,43.43,
20/06/2023,4396.11,182.82,334.73,430.18,42.98,
21/06/2023,4380.01,183.31,331.83,432.65,43.48,
22/06/2023,4355.4,182.16,329.61,422.93,42.23,
23/06/2023,4354.17,183.95,329.84,418.59,42.44,
26/06/2023,4344.84,185.22,329.21,422.44,42.44,
27/06/2023,4337.36,184.29,327.38,417.39,40.78,
28/06/2023,4367.48,186.31,330.14,423.1,40.64,
29/06/2023,4374.94,187.45,330.19,434.33,41.54,
30/06/2023,4422.44,189.98,333.19,431.1,41.66,
03/07/2023,4450.48,192.11,334.61,439.76,42.5,
05/07/2023,4442.04,189.92,330.56,444.91,42.12,
06/07/2023,4422.62,188.2,332.74,440.0,41.82,
07/07/2023,4404.54,189.76,334.74,438.6,42.3,
10/07/2023,4394.23,187.63,330.08,438.52,42.64,
11/07/2023,4415.55,187.53,326.59,438.65,42.46,
12/07/2023,4467.69,188.05,332.06,444.55,43.01,
13/07/2023,4491.5,188.86,334.98,447.0,44.5,
14/07/2023,4514.61,188.59,342.9,452.79,46.56,
17/07/2023,4508.86,190.25,341.01,445.57,46.27,
18/07/2023,4521.78,191.68,341.16,451.0,46.68,
19/07/2023,4563.87,191.44,356.86,476.86,47.44,
20/07/2023,4554.38,193.41,348.8,447.0,46.49,
21/07/2023,4550.16,192.43,344.44,437.37,45.77,
24/07/2023,4543.39,191.74,341.18,425.0,44.71,
25/07/2023,4555.19,191.66,342.42,427.18,44.92,
26/07/2023,4558.96,192.0,336.83,424.2,46.0,
27/07/2023,4598.26,194.33,335.88,426.9,46.5,
28/07/2023,4565.75,192.99,329.16,415.56,46.65,
31/07/2023,4584.82,194.37,332.37,426.51,46.73,
01/08/2023,4578.83,194.55,330.66,437.37,46.44,
02/08/2023,4550.93,193.36,329.12,435.23,45.81,
03/08/2023,4494.27,189.92,321.6,427.8,43.78,
04/08/2023,4513.96,183.92,327.4,433.06,44.96,
07/08/2023,4491.58,180.56,323.94,436.46,45.09,
08/08/2023,4498.03,178.14,322.54,440.36,44.83,
09/08/2023,4501.57,179.31,322.06,439.74,44.25,
10/08/2023,4487.16,177.93,321.62,431.12,42.14,
11/08/2023,4450.69,176.03,315.94,428.98,41.73,
14/08/2023,4458.13,176.68,317.05,421.99,40.47,
15/08/2023,4478.87,177.58,318.64,424.41,44.54,
16/08/2023,4433.79,175.84,317.14,423.73,44.5,
17/08/2023,4416.32,175.85,316.88,415.0,43.95,
18/08/2023,4344.88,171.05,310.9,399.33,42.62,
21/08/2023,4380.28,173.8,314.3,402.23,44.47,
22/08/2023,4415.33,175.77,321.78,409.0,48.11,
23/08/2023,4396.44,177.22,320.12,418.4,45.84,
24/08/2023,4455.16,179.36,329.05,425.41,50.19,
25/08/2023,4389.38,176.09,317.8,412.0,46.99,
28/08/2023,4426.03,178.78,321.94,418.04,46.46,
29/08/2023,4432.75,178.39,318.21,416.0,46.64,
30/08/2023,4500.34,183.59,324.92,430.85,49.02,
31/08/2023,4517.01,186.47,325.44,431.23,49.36,
01/09/2023,4530.6,188.11,327.53,437.73,49.74,
05/09/2023,4510.06,186.91,325.24,438.39,48.2,
06/09/2023,4490.35,187.03,329.57,448.61,48.42,
07/09/2023,4434.55,173.9,327.51,441.15,45.51,
08/09/2023,4451.3,177.05,326.32,443.56,45.92,
11/09/2023,4480.98,178.76,333.39,443.07,46.13,
12/09/2023,4473.27,178.18,331.99,442.85,44.72,
13/09/2023,4462.65,175.23,327.53,435.5,44.58,
14/09/2023,4487.78,172.73,335.28,410.4,45.93,
15/09/2023,4497.98,175.2,333.07,401.0,45.32,
18/09/2023,4445.13,175.2,324.06,395.5,42.73,
19/09/2023,4445.41,176.23,322.45,392.84,43.82,
20/09/2023,4452.81,177.96,325.75,397.05,43.58,
21/09/2023,4374.36,173.28,315.62,386.5,41.57,
22/09/2023,4341.74,173.4,317.65,385.0,41.56,
25/09/2023,4310.62,172.93,312.98,382.9,41.58,
26/09/2023,4312.88,173.55,311.53,382.88,41.99,
27/09/2023,4282.63,171.36,308.74,382.4,42.31,
28/09/2023,4269.65,168.11,307.44,375.6,42.44,
29/09/2023,4328.18,170.77,314.12,380.0,43.81,
02/10/2023,4284.52,169.97,312.67,377.48,44.01,
03/10/2023,4269.75,171.01,317.17,377.11,44.79,
04/10/2023,4233.83,169.84,310.44,376.5,43.73,
05/10/2023,4259.31,172.52,315.45,378.01,44.03,
06/10/2023,4234.79,172.54,312.94,368.43,44.18,
09/10/2023,4289.02,175.52,321.04,378.05,44.82,
10/10/2023,4339.75,176.8,327.18,385.58,45.29,
11/10/2023,4366.59,176.9,327.43,372.78,46.18,
12/10/2023,4380.94,178.76,326.8,366.48,46.76,
13/10/2023,4360.49,180.1,328.59,355.64,46.94,
16/10/2023,4342.37,175.46,327.27,356.21,45.05,
17/10/2023,4345.23,175.36,325.83,361.1,43.98,
18/10/2023,4357.35,174.3,328.7,351.0,42.58,
19/10/2023,4321.36,174.76,328.36,404.74,42.8,
20/10/2023,4273.85,174.03,327.93,405.63,41.87,
23/10/2023,4210.4,169.67,321.76,403.32,41.21,
24/10/2023,4235.79,171.79,327.52,409.68,43.06,
25/10/2023,4232.42,170.63,341.08,416.02,43.38,
26/10/2023,4175.99,169.13,336.65,411.42,41.84,
27/10/2023,4152.93,165.7,326.66,406.42,41.12,
30/10/2023,4139.39,167.79,329.6,402.35,41.07,
31/10/2023,4171.33,168.12,334.98,409.24,40.44,
01/11/2023,4201.27,169.76,335.91,414.77,40.87,
02/11/2023,4268.26,174.24,343.28,421.17,43.31,
03/11/2023,4334.23,172.97,345.64,428.76,44.0,
06/11/2023,4364.27,175.1,349.42,434.38,45.27,
07/11/2023,4366.21,177.88,355.3,436.18,45.7,
08/11/2023,4384.37,181.02,357.55,435.0,46.08,
09/11/2023,4391.41,181.63,358.16,438.03,47.45,
10/11/2023,4364.15,182.87,357.36,437.48,47.48,
13/11/2023,4406.66,184.71,364.02,447.25,48.3,
14/11/2023,4458.97,186.58,366.78,448.78,49.66,
15/11/2023,4505.3,186.73,367.79,452.81,49.92,
16/11/2023,4497.08,188.44,367.47,463.0,48.66,
17/11/2023,4509.55,189.12,370.1,466.95,49.51,
20/11/2023,4511.7,188.76,367.73,465.4,49.29,
21/11/2023,4538.77,190.27,372.14,472.63,50.11,
22/11/2023,4553.04,190.35,374.44,476.8,49.83,
24/11/2023,4555.84,189.73,373.78,477.11,48.45,
27/11/2023,4554.86,188.79,373.24,479.03,47.78,
28/11/2023,4545.55,188.65,374.79,478.11,48.22,
29/11/2023,4571.84,189.76,380.15,479.0,48.36,
30/11/2023,4554.87,188.71,374.93,475.31,48.01,
01/12/2023,4559.43,189.19,373.22,473.17,46.51,
04/12/2023,4564.37,188.85,365.63,460.99,46.06,
05/12/2023,4557.25,189.08,363.0,450.7,45.45,
06/12/2023,4586.23,193.29,370.03,460.0,47.2,
07/12/2023,4568.84,192.47,364.76,450.85,45.69,
08/12/2023,4576.2,193.04,365.73,450.76,46.58,
11/12/2023,4593.39,191.96,365.01,459.36,47.48,
12/12/2023,4618.3,191.93,367.36,465.23,46.03,
13/12/2023,4646.2,193.93,372.48,461.98,47.62,
14/12/2023,4721.04,196.84,369.8,480.36,48.38,
15/12/2023,4714.23,196.35,363.4,467.3,48.18,
18/12/2023,4725.58,194.92,365.97,476.3,49.39,
19/12/2023,4743.72,194.99,368.0,488.4,49.41,
20/12/2023,4764.73,195.72,371.47,492.0,49.64,
21/12/2023,4724.29,194.93,369.06,492.66,48.8,
22/12/2023,4753.92,194.02,370.16,494.0,49.18,
26/12/2023,4758.86,192.46,371.47,489.39,48.95,
27/12/2023,4773.45,191.34,370.17,491.24,49.5,
28/12/2023,4786.44,192.98,371.84,492.0,49.63,
29/12/2023,4782.88,192.74,372.46,490.37,49.8,
02/01/2024,4745.2,186.03,370.34,483.19,49.23,
03/01/2024,4725.07,183.12,365.54,467.32,47.47,
04/01/2024,4697.42,181.06,367.18,472.98,47.75,
05/01/2024,4690.57,180.9,365.5,476.5,48.45,
08/01/2024,4703.7,181.0,365.82,473.89,49.5,
09/01/2024,4741.93,182.82,368.51,475.53,52.39,
10/01/2024,4759.94,183.25,372.83,481.6,53.6,
11/01/2024,4792.13,185.43,382.37,492.54,54.98,
12/01/2024,4791.18,184.95,381.86,500.51,54.6,
16/01/2024,4772.35,181.07,389.96,490.0,55.0,
17/01/2024,4739.13,180.19,384.33,484.5,56.33,
18/01/2024,4760.1,184.98,388.03,480.03,57.24,
19/01/2024,4796.28,188.2,392.04,484.98,57.97,
22/01/2024,4853.42,191.15,396.26,487.55,60.03,
23/01/2024,4856.8,193.86,392.03,492.0,59.55,
24/01/2024,4888.56,194.25,397.76,537.75,60.29,
25/01/2024,4886.66,194.06,400.52,551.95,62.33,
26/01/2024,4888.91,193.11,400.56,561.81,60.94,
29/01/2024,4892.95,190.86,402.24,571.35,61.22,
30/01/2024,4925.89,189.8,408.38,567.32,62.88,
31/01/2024,4899.19,185.92,403.13,562.85,61.42,
01/02/2024,4861.11,182.89,398.05,567.02,62.08,
02/02/2024,4916.06,178.79,400.01,564.52,63.96,
05/02/2024,4957.19,187.03,406.04,562.47,68.21,
06/02/2024,4950.16,185.74,402.06,564.12,69.61,
07/02/2024,4973.05,189.5,403.61,558.16,68.3,
08/02/2024,4995.16,188.26,410.15,560.55,70.05,
09/02/2024,5004.17,187.76,411.34,565.0,70.51,
12/02/2024,5026.83,187.53,416.6,560.36,72.58,
13/02/2024,4967.94,184.9,401.13,550.8,70.38,
14/02/2024,4976.44,184.45,404.98,567.26,73.18,
15/02/2024,5003.14,182.69,405.05,581.91,73.85,
16/02/2024,5031.13,182.56,404.87,596.95,74.08,
20/02/2024,4989.32,180.94,400.18,580.18,71.93,
21/02/2024,4963.03,181.08,397.14,573.51,67.99,
22/02/2024,5038.83,182.62,407.08,582.75,75.0,
23/02/2024,5100.92,184.14,412.52,586.4,80.77,
26/02/2024,5093.0,181.38,408.34,583.56,79.68,
27/02/2024,5074.6,180.25,404.9,595.0,79.36,
28/02/2024,5067.2,181.65,405.09,595.79,77.6,
29/02/2024,5085.36,180.42,405.54,604.25,79.07,
01/03/2024,5098.51,178.71,408.15,599.81,79.98,
04/03/2024,5130.99,175.32,410.31,621.56,84.11,
05/03/2024,5110.52,169.96,410.82,610.1,85.25,
06/03/2024,5108.03,170.26,399.92,602.99,88.0,
07/03/2024,5132.38,168.36,403.04,599.34,90.14,
08/03/2024,5164.46,168.21,404.87,608.27,95.12,
11/03/2024,5111.96,172.13,400.7,608.08,86.41,
12/03/2024,5134.3,172.34,404.53,600.21,88.03,
13/03/2024,5173.49,171.96,414.93,613.37,91.03,
14/03/2024,5175.14,172.1,417.06,615.0,89.56,
15/03/2024,5123.31,170.37,416.11,622.92,86.91,
18/03/2024,5154.77,174.74,411.11,613.56,90.37,
19/03/2024,5139.09,173.52,414.66,615.62,86.68,
20/03/2024,5181.69,174.89,418.8,619.95,89.78,
21/03/2024,5253.43,176.22,426.57,630.65,92.28,47.0
22/03/2024,5242.48,170.95,426.44,624.16,91.12,48.88
25/03/2024,5219.52,169.77,422.02,627.9,93.92,47.09
26/03/2024,5228.85,169.2,422.38,625.2,95.83,67.71
27/03/2024,5226.31,169.61,421.22,629.01,93.09,63.76
28/03/2024,5248.03,170.94,417.77,614.99,89.98,54.52
01/04/2024,5257.97,170.38,420.74,608.0,90.28,48.95
02/04/2024,5204.29,168.28,416.93,611.0,88.43,45.06
03/04/2024,5194.37,168.0,416.55,612.75,88.46,49.7
04/04/2024,5244.05,169.49,421.77,633.21,90.38,46.7
05/04/2024,5158.95,168.79,416.83,624.92,86.84,45.68
08/04/2024,5211.37,168.24,421.95,636.39,88.68,47.86
09/04/2024,5217.03,167.91,423.21,631.99,87.42,46.4
10/04/2024,5167.88,168.01,418.99,610.97,83.91,44.0
11/04/2024,5172.95,167.55,422.59,624.42,87.4,42.05
12/04/2024,5171.51,173.44,420.84,628.23,89.68,43.47
15/04/2024,5149.67,174.54,423.37,630.17,89.08,41.94
16/04/2024,5064.59,170.94,411.43,607.5,86.41,40.5
17/04/2024,5068.97,168.81,414.09,620.97,88.32,40.4
18/04/2024,5031.52,167.24,407.52,612.1,84.95,38.8
19/04/2024,5005.44,165.43,400.97,567.88,83.13,40.57
22/04/2024,4987.33,164.74,397.05,550.66,78.09,40.88
23/04/2024,5028.85,164.57,401.18,556.49,80.75,42.07
24/04/2024,5084.86,165.76,406.46,574.31,83.93,42.66
25/04/2024,5019.88,168.73,391.04,549.46,78.85,41.64
26/04/2024,5084.65,169.08,409.05,558.21,83.8,42.98
29/04/2024,5114.13,172.56,402.18,559.18,87.57,46.05
30/04/2024,5103.78,172.52,398.45,560.0,87.22,45.47
01/05/2024,5029.03,168.78,389.64,547.84,85.06,44.87
02/05/2024,5049.32,171.7,394.65,556.02,84.43,46.61
03/05/2024,5122.78,185.77,399.23,566.0,87.77,48.44
06/05/2024,5142.42,181.49,405.66,581.82,89.37,46.99
07/05/2024,5187.2,182.59,411.52,596.28,91.08,47.73
08/05/2024,5168.98,181.99,405.08,601.63,89.46,55.0
09/05/2024,5189.03,181.7,407.46,614.4,90.51,51.24
10/05/2024,5225.49,184.28,409.81,619.0,90.28,50.64
13/05/2024,5233.08,184.82,414.84,614.3,90.46,56.49
14/05/2024,5221.1,186.88,408.9,615.17,89.58,62.57
15/05/2024,5263.26,187.28,415.48,618.57,92.45,60.23
16/05/2024,5310.07,189.83,419.36,615.75,94.89,59.5
17/05/2024,5303.1,188.88,420.1,617.0,94.35,61.2
20/05/2024,5305.35,188.7,417.78,620.4,93.73,61.9
21/05/2024,5298.69,190.45,424.36,636.76,93.58,60.74
22/05/2024,5319.28,191.63,427.6,647.14,95.44,59.0
23/05/2024,5340.26,190.34,430.46,642.34,102.0,56.88
24/05/2024,5281.45,188.19,424.72,639.4,104.42,53.96
28/05/2024,5315.91,190.87,427.14,647.05,110.22,55.12
29/05/2024,5278.73,188.98,423.23,644.13,113.02,57.45
30/05/2024,5259.77,190.12,421.84,653.52,114.62,57.0
31/05/2024,5243.21,190.8,414.34,644.01,112.49,56.21
03/06/2024,5297.15,192.25,413.12,645.22,113.59,57.55
04/06/2024,5278.24,193.99,410.04,633.78,115.69,55.2
05/06/2024,5314.48,194.74,415.39,634.02,118.34,54.79
06/06/2024,5357.8,195.03,421.56,644.89,124.02,58.99
07/06/2024,5343.81,194.0,423.73,649.38,119.74,61.63
10/06/2024,5341.22,196.24,422.24,641.01,120.34,60.01
11/06/2024,5353.0,193.0,423.02,640.72,121.75,60.12
12/06/2024,5409.13,206.68,432.8,652.21,123.04,62.88
13/06/2024,5441.93,214.02,438.3,644.0,129.37,66.83
14/06/2024,5424.08,213.13,435.74,655.05,129.94,63.54
17/06/2024,5431.11,212.66,440.03,669.11,132.97,61.0
18/06/2024,5476.15,216.86,447.11,675.63,131.12,61.11
20/06/2024,5499.99,213.21,443.72,681.8,139.78,60.0
21/06/2024,5466.77,209.68,444.79,683.26,127.1,56.4
24/06/2024,5459.58,207.02,447.2,685.0,123.22,57.32
25/06/2024,5460.73,208.45,445.66,673.44,121.18,56.56
26/06/2024,5460.71,210.79,446.4,672.41,126.11,60.5
27/06/2024,5473.59,213.97,449.56,679.35,124.08,62.83
28/06/2024,5488.48,215.05,450.45,679.0,124.56,64.07
01/07/2024,5471.08,211.38,446.06,674.89,123.45,64.2
02/07/2024,5461.84,215.43,450.58,673.54,121.11,65.99
03/07/2024,5507.44,219.26,455.54,677.48,121.64,71.93
05/07/2024,5537.91,220.91,456.95,682.51,127.36,73.78
08/07/2024,5572.75,226.33,463.85,687.0,127.47,72.76
09/07/2024,5584.24,227.17,464.3,690.0,130.33,73.48
10/07/2024,5591.26,228.53,458.55,685.02,134.01,71.23
11/07/2024,5635.21,230.62,460.3,672.49,135.73,70.5
12/07/2024,5590.76,228.15,451.7,652.75,128.24,70.75
15/07/2024,5638.16,235.69,450.68,647.5,130.54,74.69
16/07/2024,5644.09,234.21,451.59,661.8,128.42,70.67
17/07/2024,5610.07,228.68,440.03,650.0,121.33,68.48
18/07/2024,5608.56,229.51,441.77,656.6,121.83,66.74
19/07/2024,5543.37,224.07,430.59,660.64,120.33,65.75
22/07/2024,5544.54,226.25,439.23,639.5,120.33,66.93
23/07/2024,5565.3,223.62,441.33,647.5,122.76,67.8
24/07/2024,5505.84,223.25,437.9,635.74,119.15,65.67
25/07/2024,5428.7,218.2,426.32,641.0,113.02,62.9
26/07/2024,5433.67,217.97,415.78,645.0,116.17,62.9
29/07/2024,5476.55,216.23,429.08,634.61,113.67,62.97
30/07/2024,5478.73,218.46,425.24,630.17,111.5,60.06
31/07/2024,5505.59,220.7,418.07,626.57,112.88,59.38
01/08/2024,5537.84,223.62,418.36,629.25,117.51,64.4
02/08/2024,5376.63,218.42,410.1,620.98,103.74,56.24
05/08/2024,5151.14,198.42,386.92,587.04,92.05,53.25
06/08/2024,5206.42,204.61,397.68,600.62,103.82,58.1
07/08/2024,5293.13,206.21,406.28,616.07,107.79,54.8
08/08/2024,5252.57,212.4,400.11,621.99,101.98,51.95
09/08/2024,5314.66,211.39,401.69,622.99,105.62,53.97
12/08/2024,5351.88,215.6,404.7,631.0,106.3,52.5
13/08/2024,5376.98,218.53,407.22,638.56,112.42,53.05
14/08/2024,5442.36,220.09,412.4,648.7,118.51,53.7
15/08/2024,5501.13,224.11,418.12,668.49,118.74,55.25
16/08/2024,5530.5,223.43,418.92,669.43,121.92,54.87
19/08/2024,5557.23,225.22,417.29,674.07,124.26,54.79
20/08/2024,5602.88,225.27,420.02,688.86,128.38,53.5
21/08/2024,5603.09,226.02,422.39,697.0,127.3,54.88
22/08/2024,5637.77,227.29,422.66,691.0,130.0,56.5
23/08/2024,5602.49,225.16,415.31,694.13,125.84,56.51
26/08/2024,5639.66,226.26,414.71,687.26,129.55,59.29
27/08/2024,5602.89,225.5,411.21,688.53,125.03,57.72
28/08/2024,5624.51,227.42,413.22,695.83,128.1,57.88
29/08/2024,5607.3,229.6,413.28,690.0,121.34,57.58
30/08/2024,5612.74,229.68,413.94,700.36,119.51,59.0
03/09/2024,5623.89,228.05,416.24,700.1,115.99,59.24
04/09/2024,5506.68,221.17,404.29,673.31,105.39,56.72
05/09/2024,5520.08,221.14,405.99,673.14,104.97,56.8
06/09/2024,5507.33,223.46,407.43,681.86,108.02,59.24
09/09/2024,5442.07,220.34,405.61,674.0,104.86,57.14
10/09/2024,5490.51,218.44,406.57,676.87,107.79,57.52
11/09/2024,5496.42,220.97,413.84,677.46,109.37,56.5
12/09/2024,5557.48,222.01,421.62,684.92,116.83,60.0
13/09/2024,5603.34,223.09,424.13,680.01,119.07,59.63
16/09/2024,5615.21,216.06,428.88,700.0,116.78,58.6
17/09/2024,5655.51,215.28,438.47,700.82,118.16,61.37
18/09/2024,5641.68,217.07,433.26,707.55,115.88,61.92
19/09/2024,5702.63,224.5,439.47,705.0,117.34,64.99
20/09/2024,5709.64,229.46,435.47,705.55,117.05,64.82
23/09/2024,5711.9,226.84,432.54,702.39,116.54,66.0
24/09/2024,5727.66,228.15,431.27,706.63,116.51,65.28
25/09/2024,5733.65,224.44,428.11,721.0,122.01,66.96
26/09/2024,5762.22,226.8,433.35,724.73,126.79,69.0
27/09/2024,5755.36,227.96,429.8,708.36,123.96,66.59
30/09/2024,5726.52,229.54,426.5,707.0,118.3,66.94
01/10/2024,5757.73,229.02,426.74,713.64,121.76,65.93
02/10/2024,5698.14,225.39,420.89,706.13,116.43,65.49
03/10/2024,5698.19,224.65,415.96,704.26,120.91,68.06
04/10/2024,5737.48,227.4,416.57,713.32,124.93,69.52
07/10/2024,5737.8,224.01,414.34,714.76,124.98,72.99
08/10/2024,5719.14,223.81,409.26,703.88,130.25,70.75
09/10/2024,5751.8,224.74,414.2,719.25,134.1,73.64
10/10/2024,5778.36,227.28,413.57,723.29,131.9,70.69
11/10/2024,5775.09,228.8,414.48,734.9,134.0,69.95
14/10/2024,5829.81,228.2,416.1,725.0,136.46,73.75
15/10/2024,5866.74,233.1,420.49,712.51,137.86,74.8
16/10/2024,5816.58,231.09,413.51,703.43,133.97,75.16
17/10/2024,5875.62,232.92,420.67,704.35,139.33,76.98
18/10/2024,5859.43,235.66,415.47,737.64,138.66,76.61
21/10/2024,5857.82,233.94,414.46,765.76,138.12,80.56
22/10/2024,5832.7,233.38,416.82,765.27,142.9,77.77
23/10/2024,5834.5,233.57,429.14,762.83,142.02,77.69
24/10/2024,5817.8,229.48,423.63,751.97,140.81,77.86
25/10/2024,5826.75,229.24,425.06,756.17,140.92,79.02
28/10/2024,5833.93,232.81,429.94,758.68,142.99,82.21
29/10/2024,5819.68,232.59,426.29,751.13,140.28,79.72
30/10/2024,5832.65,232.1,435.69,758.08,139.53,104.9
31/10/2024,5775.34,228.84,413.7,753.93,137.59,117.4
01/11/2024,5723.22,220.48,407.38,753.48,134.69,114.0
04/11/2024,5725.15,220.5,408.16,753.14,137.2,110.76
05/11/2024,5722.43,221.31,406.74,757.35,137.44,110.5
06/11/2024,5864.89,222.12,410.77,771.5,142.95,124.15
07/11/2024,5947.21,224.14,419.6,781.37,146.38,121.57
08/11/2024,5976.76,226.92,423.62,797.36,148.76,130.03
11/11/2024,6008.86,224.75,420.83,795.9,148.67,139.0
12/11/2024,6003.6,224.3,416.58,807.5,146.77,126.66
13/11/2024,5985.75,223.76,419.96,822.62,149.06,128.8
14/11/2024,5989.68,224.77,423.3,833.67,147.63,132.06
15/11/2024,5912.79,226.15,418.14,832.04,144.86,128.79
18/11/2024,5874.17,225.0,413.21,815.5,139.49,125.56
19/11/2024,5870.05,226.73,411.46,839.75,141.31,129.01
20/11/2024,5914.34,227.81,415.2,879.98,147.4,137.16
21/11/2024,5940.58,228.63,418.66,883.93,149.34,141.27
22/11/2024,5944.36,227.81,410.55,896.0,145.92,145.41
25/11/2024,5992.28,231.21,417.54,902.05,141.98,149.5
26/11/2024,6000.03,233.07,418.75,867.49,137.69,141.65
27/11/2024,6014.11,234.21,424.26,872.06,135.0,137.8
29/11/2024,6003.98,234.55,419.25,882.17,136.77,143.43
02/12/2024,6040.11,237.01,420.73,887.51,138.82,144.0
03/12/2024,6042.97,239.55,428.98,894.36,138.25,141.0
04/12/2024,6069.39,242.6,432.16,898.05,141.99,150.84
05/12/2024,6089.03,243.72,437.04,917.85,145.11,155.58
06/12/2024,6081.38,242.64,441.42,915.23,144.6,152.06
09/12/2024,6083.01,241.56,441.71,928.0,138.97,171.5
10/12/2024,6057.59,246.62,443.5,913.76,139.01,168.31
11/12/2024,6060.15,247.69,443.16,924.71,137.36,164.0
12/12/2024,6074.29,246.62,448.21,933.35,137.08,164.01
13/12/2024,6068.17,247.55,447.54,916.81,138.94,164.35
16/12/2024,6063.79,247.72,446.38,923.94,134.18,169.27
17/12/2024,6052.55,249.8,450.11,921.54,129.09,177.15
18/12/2024,6047.65,251.88,450.42,919.13,133.86,172.45
19/12/2024,5912.71,247.23,440.74,908.18,131.76,163.9
20/12/2024,5842.0,247.77,432.24,893.21,129.81,162.99
23/12/2024,5940.25,254.49,435.87,913.42,136.28,171.25
24/12/2024,5984.63,255.21,433.78,915.0,140.0,169.0
26/12/2024,6024.97,257.91,438.2,928.4,139.7,177.8
27/12/2024,6006.17,257.55,433.73,916.01,138.55,175.53
30/12/2024,5920.67,251.95,425.21,894.51,134.83,167.38
31/12/2024,5919.74,252.16,425.25,901.8,138.03,166.0
