observation_date,T10YIE
16/04/2015,1.85
17/04/2015,1.89
20/04/2015,1.89
21/04/2015,1.86
22/04/2015,1.87
23/04/2015,1.89
24/04/2015,1.89
27/04/2015,1.91
28/04/2015,1.89
29/04/2015,1.92
30/04/2015,1.94
01/05/2015,1.94
04/05/2015,1.92
05/05/2015,1.94
06/05/2015,1.91
07/05/2015,1.88
08/05/2015,1.88
11/05/2015,1.88
12/05/2015,1.88
13/05/2015,1.86
14/05/2015,1.87
15/05/2015,1.83
18/05/2015,1.86
19/05/2015,1.85
20/05/2015,1.88
21/05/2015,1.84
22/05/2015,1.87
25/05/2015,0
26/05/2015,1.82
27/05/2015,1.8
28/05/2015,1.8
29/05/2015,1.8
01/06/2015,1.8
02/06/2015,1.83
03/06/2015,1.83
04/06/2015,1.81
05/06/2015,1.86
08/06/2015,1.85
09/06/2015,1.86
10/06/2015,1.87
11/06/2015,1.83
12/06/2015,1.84
15/06/2015,1.85
16/06/2015,1.88
17/06/2015,1.9
18/06/2015,1.89
19/06/2015,1.86
22/06/2015,1.9
23/06/2015,1.92
24/06/2015,1.9
25/06/2015,1.91
26/06/2015,1.92
29/06/2015,1.87
30/06/2015,1.87
01/07/2015,1.89
02/07/2015,1.91
03/07/2015,0
06/07/2015,1.87
07/07/2015,1.87
08/07/2015,1.83
09/07/2015,1.85
10/07/2015,1.87
13/07/2015,1.86
14/07/2015,1.85
15/07/2015,1.84
16/07/2015,1.84
17/07/2015,1.83
20/07/2015,1.82
21/07/2015,1.82
22/07/2015,1.8
23/07/2015,1.79
24/07/2015,1.76
27/07/2015,1.73
28/07/2015,1.75
29/07/2015,1.77
30/07/2015,1.77
31/07/2015,1.74
03/08/2015,1.7
04/08/2015,1.71
05/08/2015,1.7
06/08/2015,1.67
07/08/2015,1.66
10/08/2015,1.69
11/08/2015,1.66
12/08/2015,1.62
13/08/2015,1.62
14/08/2015,1.62
17/08/2015,1.58
18/08/2015,1.58
19/08/2015,1.57
20/08/2015,1.56
21/08/2015,1.53
24/08/2015,1.49
25/08/2015,1.53
26/08/2015,1.53
27/08/2015,1.58
28/08/2015,1.61
31/08/2015,1.63
01/09/2015,1.57
02/09/2015,1.56
03/09/2015,1.54
04/09/2015,1.51
07/09/2015,0
08/09/2015,1.53
09/09/2015,1.56
10/09/2015,1.59
11/09/2015,1.59
14/09/2015,1.56
15/09/2015,1.56
16/09/2015,1.57
17/09/2015,1.58
18/09/2015,1.55
21/09/2015,1.54
22/09/2015,1.51
23/09/2015,1.52
24/09/2015,1.49
25/09/2015,1.46
28/09/2015,1.39
29/09/2015,1.39
30/09/2015,1.41
01/10/2015,1.46
02/10/2015,1.48
05/10/2015,1.51
06/10/2015,1.52
07/10/2015,1.55
08/10/2015,1.58
09/10/2015,1.54
12/10/2015,0
13/10/2015,1.52
14/10/2015,1.49
15/10/2015,1.5
16/10/2015,1.48
19/10/2015,1.45
20/10/2015,1.48
21/10/2015,1.45
22/10/2015,1.47
23/10/2015,1.51
26/10/2015,1.48
27/10/2015,1.48
28/10/2015,1.47
29/10/2015,1.52
30/10/2015,1.53
02/11/2015,1.55
03/11/2015,1.58
04/11/2015,1.57
05/11/2015,1.55
06/11/2015,1.59
09/11/2015,1.6
10/11/2015,1.55
11/11/2015,0
12/11/2015,1.54
13/11/2015,1.52
16/11/2015,1.51
17/11/2015,1.53
18/11/2015,1.56
19/11/2015,1.56
20/11/2015,1.6
23/11/2015,1.61
24/11/2015,1.62
25/11/2015,1.61
26/11/2015,0
27/11/2015,1.6
30/11/2015,1.59
01/12/2015,1.57
02/12/2015,1.56
03/12/2015,1.61
04/12/2015,1.6
07/12/2015,1.56
08/12/2015,1.56
09/12/2015,1.53
10/12/2015,1.51
11/12/2015,1.46
14/12/2015,1.45
15/12/2015,1.48
16/12/2015,1.46
17/12/2015,1.47
18/12/2015,1.46
21/12/2015,1.45
22/12/2015,1.46
23/12/2015,1.51
24/12/2015,1.52
25/12/2015,0
28/12/2015,1.5
29/12/2015,1.53
30/12/2015,1.54
31/12/2015,1.54
01/01/2016,0
04/01/2016,1.55
05/01/2016,1.56
06/01/2016,1.53
07/01/2016,1.5
08/01/2016,1.48
11/01/2016,1.45
12/01/2016,1.43
13/01/2016,1.43
14/01/2016,1.43
15/01/2016,1.36
18/01/2016,0
19/01/2016,1.38
20/01/2016,1.32
21/01/2016,1.28
22/01/2016,1.35
25/01/2016,1.34
26/01/2016,1.36
27/01/2016,1.4
28/01/2016,1.42
29/01/2016,1.41
01/02/2016,1.4
02/02/2016,1.36
03/02/2016,1.38
04/02/2016,1.36
05/02/2016,1.33
08/02/2016,1.23
09/02/2016,1.21
10/02/2016,1.21
11/02/2016,1.18
12/02/2016,1.25
15/02/2016,0
16/02/2016,1.25
17/02/2016,1.28
18/02/2016,1.24
19/02/2016,1.26
22/02/2016,1.31
23/02/2016,1.32
24/02/2016,1.36
25/02/2016,1.39
26/02/2016,1.41
29/02/2016,1.42
01/03/2016,1.48
02/03/2016,1.51
03/03/2016,1.53
04/03/2016,1.51
07/03/2016,1.48
08/03/2016,1.46
09/03/2016,1.51
10/03/2016,1.48
11/03/2016,1.54
14/03/2016,1.52
15/03/2016,1.5
16/03/2016,1.58
17/03/2016,1.57
18/03/2016,1.61
21/03/2016,1.64
22/03/2016,1.63
23/03/2016,1.58
24/03/2016,1.57
25/03/2016,0
28/03/2016,1.56
29/03/2016,1.61
30/03/2016,1.65
31/03/2016,1.62
01/04/2016,1.62
04/04/2016,1.64
05/04/2016,1.59
06/04/2016,1.59
07/04/2016,1.58
08/04/2016,1.58
11/04/2016,1.56
12/04/2016,1.57
13/04/2016,1.56
14/04/2016,1.56
15/04/2016,1.56
18/04/2016,1.57
19/04/2016,1.6
20/04/2016,1.62
21/04/2016,1.64
22/04/2016,1.64
25/04/2016,1.65
26/04/2016,1.67
27/04/2016,1.68
28/04/2016,1.72
29/04/2016,1.71
02/05/2016,1.68
03/05/2016,1.64
04/05/2016,1.63
05/05/2016,1.63
06/05/2016,1.61
09/05/2016,1.59
10/05/2016,1.62
11/05/2016,1.59
12/05/2016,1.6
13/05/2016,1.58
16/05/2016,1.6
17/05/2016,1.61
18/05/2016,1.61
19/05/2016,1.56
20/05/2016,1.56
23/05/2016,1.54
24/05/2016,1.55
25/05/2016,1.58
26/05/2016,1.58
27/05/2016,1.58
30/05/2016,0
31/05/2016,1.54
01/06/2016,1.54
02/06/2016,1.54
03/06/2016,1.52
06/06/2016,1.54
07/06/2016,1.57
08/06/2016,1.59
09/06/2016,1.56
10/06/2016,1.52
13/06/2016,1.47
14/06/2016,1.45
15/06/2016,1.47
16/06/2016,1.42
17/06/2016,1.42
20/06/2016,1.43
21/06/2016,1.43
22/06/2016,1.44
23/06/2016,1.5
24/06/2016,1.42
27/06/2016,1.34
28/06/2016,1.37
29/06/2016,1.4
30/06/2016,1.4
01/07/2016,1.43
04/07/2016,0
05/07/2016,1.4
06/07/2016,1.43
07/07/2016,1.43
08/07/2016,1.43
11/07/2016,1.42
12/07/2016,1.46
13/07/2016,1.45
14/07/2016,1.45
15/07/2016,1.49
18/07/2016,1.49
19/07/2016,1.44
20/07/2016,1.46
21/07/2016,1.52
22/07/2016,1.51
25/07/2016,1.5
26/07/2016,1.5
27/07/2016,1.49
28/07/2016,1.52
29/07/2016,1.49
01/08/2016,1.46
02/08/2016,1.44
03/08/2016,1.46
04/08/2016,1.47
05/08/2016,1.5
08/08/2016,1.51
09/08/2016,1.49
10/08/2016,1.44
11/08/2016,1.47
12/08/2016,1.44
15/08/2016,1.45
16/08/2016,1.44
17/08/2016,1.47
18/08/2016,1.47
19/08/2016,1.48
22/08/2016,1.47
23/08/2016,1.48
24/08/2016,1.48
25/08/2016,1.49
26/08/2016,1.47
29/08/2016,1.46
30/08/2016,1.46
31/08/2016,1.47
01/09/2016,1.45
02/09/2016,1.47
05/09/2016,0
06/09/2016,1.49
07/09/2016,1.51
08/09/2016,1.52
09/09/2016,1.5
12/09/2016,1.51
13/09/2016,1.49
14/09/2016,1.49
15/09/2016,1.49
16/09/2016,1.51
19/09/2016,1.5
20/09/2016,1.49
21/09/2016,1.51
22/09/2016,1.55
23/09/2016,1.57
26/09/2016,1.54
27/09/2016,1.52
28/09/2016,1.56
29/09/2016,1.54
30/09/2016,1.6
03/10/2016,1.63
04/10/2016,1.62
05/10/2016,1.62
06/10/2016,1.64
07/10/2016,1.63
10/10/2016,0
11/10/2016,1.64
12/10/2016,1.64
13/10/2016,1.63
14/10/2016,1.67
17/10/2016,1.68
18/10/2016,1.66
19/10/2016,1.68
20/10/2016,1.68
21/10/2016,1.67
24/10/2016,1.66
25/10/2016,1.7
26/10/2016,1.71
27/10/2016,1.72
28/10/2016,1.73
31/10/2016,1.73
01/11/2016,1.72
02/11/2016,1.7
03/11/2016,1.68
04/11/2016,1.68
07/11/2016,1.71
08/11/2016,1.73
09/11/2016,1.82
10/11/2016,1.88
11/11/2016,0
14/11/2016,1.83
15/11/2016,1.82
16/11/2016,1.83
17/11/2016,1.87
18/11/2016,1.9
21/11/2016,1.91
22/11/2016,1.9
23/11/2016,1.92
24/11/2016,0
25/11/2016,1.89
28/11/2016,1.85
29/11/2016,1.86
30/11/2016,1.94
01/12/2016,1.97
02/12/2016,1.91
05/12/2016,1.94
06/12/2016,1.95
07/12/2016,1.92
08/12/2016,1.95
09/12/2016,1.96
12/12/2016,1.98
13/12/2016,1.95
14/12/2016,1.94
15/12/2016,1.9
16/12/2016,1.86
19/12/2016,1.86
20/12/2016,1.9
21/12/2016,1.91
22/12/2016,1.95
23/12/2016,1.97
26/12/2016,0
27/12/2016,1.99
28/12/2016,1.95
29/12/2016,1.94
30/12/2016,1.95
02/01/2017,0
03/01/2017,1.98
04/01/2017,1.99
05/01/2017,1.95
06/01/2017,1.96
09/01/2017,1.95
10/01/2017,1.95
11/01/2017,1.99
12/01/2017,1.98
13/01/2017,1.99
16/01/2017,0
17/01/2017,1.97
18/01/2017,2
19/01/2017,2.04
20/01/2017,2.04
23/01/2017,2.02
24/01/2017,2.06
25/01/2017,2.08
26/01/2017,2.08
27/01/2017,2.08
30/01/2017,2.07
31/01/2017,2.05
01/02/2017,2.05
02/02/2017,2.05
03/02/2017,2.05
06/02/2017,2.02
07/02/2017,2
08/02/2017,1.96
09/02/2017,1.99
10/02/2017,2.01
13/02/2017,2
14/02/2017,2.01
15/02/2017,2.06
16/02/2017,2.02
17/02/2017,2.01
20/02/2017,0
21/02/2017,2.03
22/02/2017,2.04
23/02/2017,2.03
24/02/2017,2
27/02/2017,2.01
28/02/2017,2.02
01/03/2017,2.03
02/03/2017,2.01
03/03/2017,2.04
06/03/2017,2.01
07/03/2017,2.03
08/03/2017,2.01
09/03/2017,2
10/03/2017,2.01
13/03/2017,2.01
14/03/2017,1.99
15/03/2017,2.01
16/03/2017,2.02
17/03/2017,2.01
20/03/2017,2
21/03/2017,1.98
22/03/2017,1.97
23/03/2017,1.95
24/03/2017,1.98
27/03/2017,1.97
28/03/2017,1.97
29/03/2017,1.98
30/03/2017,1.96
31/03/2017,1.97
03/04/2017,1.96
04/04/2017,1.96
05/04/2017,1.97
06/04/2017,1.95
07/04/2017,1.94
10/04/2017,1.93
11/04/2017,1.91
12/04/2017,1.9
13/04/2017,1.92
14/04/2017,0
17/04/2017,1.88
18/04/2017,1.85
19/04/2017,1.85
20/04/2017,1.85
21/04/2017,1.84
24/04/2017,1.87
25/04/2017,1.91
26/04/2017,1.9
27/04/2017,1.91
28/04/2017,1.92
01/05/2017,1.92
02/05/2017,1.88
03/05/2017,1.87
04/05/2017,1.86
05/05/2017,1.86
08/05/2017,1.86
09/05/2017,1.86
10/05/2017,1.85
11/05/2017,1.88
12/05/2017,1.84
15/05/2017,1.82
16/05/2017,1.82
17/05/2017,1.78
18/05/2017,1.8
19/05/2017,1.82
22/05/2017,1.82
23/05/2017,1.83
24/05/2017,1.81
25/05/2017,1.8
26/05/2017,1.81
29/05/2017,0
30/05/2017,1.81
31/05/2017,1.81
01/06/2017,1.81
02/06/2017,1.79
05/06/2017,1.79
06/06/2017,1.77
07/06/2017,1.78
08/06/2017,1.78
09/06/2017,1.78
12/06/2017,1.75
13/06/2017,1.75
14/06/2017,1.71
15/06/2017,1.67
16/06/2017,1.67
19/06/2017,1.67
20/06/2017,1.66
21/06/2017,1.66
22/06/2017,1.69
23/06/2017,1.7
26/06/2017,1.71
27/06/2017,1.71
28/06/2017,1.73
29/06/2017,1.72
30/06/2017,1.73
03/07/2017,1.75
04/07/2017,0
05/07/2017,1.75
06/07/2017,1.76
07/07/2017,1.73
10/07/2017,1.72
11/07/2017,1.75
12/07/2017,1.76
13/07/2017,1.77
14/07/2017,1.76
17/07/2017,1.77
18/07/2017,1.76
19/07/2017,1.76
20/07/2017,1.77
21/07/2017,1.76
24/07/2017,1.78
25/07/2017,1.81
26/07/2017,1.8
27/07/2017,1.83
28/07/2017,1.83
31/07/2017,1.82
01/08/2017,1.79
02/08/2017,1.79
03/08/2017,1.78
04/08/2017,1.8
07/08/2017,1.8
08/08/2017,1.83
09/08/2017,1.82
10/08/2017,1.8
11/08/2017,1.79
14/08/2017,1.77
15/08/2017,1.78
16/08/2017,1.78
17/08/2017,1.77
18/08/2017,1.76
21/08/2017,1.75
22/08/2017,1.77
23/08/2017,1.75
24/08/2017,1.75
25/08/2017,1.75
28/08/2017,1.75
29/08/2017,1.74
30/08/2017,1.76
31/08/2017,1.76
01/09/2017,1.79
04/09/2017,0
05/09/2017,1.77
06/09/2017,1.78
07/09/2017,1.79
08/09/2017,1.81
11/09/2017,1.83
12/09/2017,1.84
13/09/2017,1.85
14/09/2017,1.85
15/09/2017,1.85
18/09/2017,1.87
19/09/2017,1.87
20/09/2017,1.85
21/09/2017,1.83
22/09/2017,1.84
25/09/2017,1.84
26/09/2017,1.84
27/09/2017,1.87
28/09/2017,1.87
29/09/2017,1.84
02/10/2017,1.83
03/10/2017,1.84
04/10/2017,1.85
05/10/2017,1.86
06/10/2017,1.87
09/10/2017,0
10/10/2017,1.88
11/10/2017,1.89
12/10/2017,1.89
13/10/2017,1.85
16/10/2017,1.84
17/10/2017,1.82
18/10/2017,1.84
19/10/2017,1.84
20/10/2017,1.87
23/10/2017,1.86
24/10/2017,1.87
25/10/2017,1.88
26/10/2017,1.89
27/10/2017,1.88
30/10/2017,1.87
31/10/2017,1.88
01/11/2017,1.88
02/11/2017,1.87
03/11/2017,1.86
06/11/2017,1.86
07/11/2017,1.88
08/11/2017,1.87
09/11/2017,1.87
10/11/2017,1.88
13/11/2017,1.88
14/11/2017,1.87
15/11/2017,1.85
16/11/2017,1.84
17/11/2017,1.86
20/11/2017,1.85
21/11/2017,1.84
22/11/2017,1.84
23/11/2017,0
24/11/2017,1.84
27/11/2017,1.83
28/11/2017,1.84
29/11/2017,1.84
30/11/2017,1.86
01/12/2017,1.86
04/12/2017,1.87
05/12/2017,1.86
06/12/2017,1.86
07/12/2017,1.87
08/12/2017,1.88
11/12/2017,1.88
12/12/2017,1.89
13/12/2017,1.88
14/12/2017,1.87
15/12/2017,1.88
18/12/2017,1.89
19/12/2017,1.91
20/12/2017,1.92
21/12/2017,1.93
22/12/2017,1.94
25/12/2017,0
26/12/2017,1.94
27/12/2017,1.94
28/12/2017,1.96
29/12/2017,1.96
01/01/2018,0
02/01/2018,2
03/01/2018,1.98
04/01/2018,2.01
05/01/2018,2.01
08/01/2018,2.02
09/01/2018,2.03
10/01/2018,2.03
11/01/2018,2
12/01/2018,2.01
15/01/2018,0
16/01/2018,2.03
17/01/2018,2.04
18/01/2018,2.05
19/01/2018,2.06
22/01/2018,2.06
23/01/2018,2.06
24/01/2018,2.07
25/01/2018,2.07
26/01/2018,2.09
29/01/2018,2.09
30/01/2018,2.1
31/01/2018,2.11
01/02/2018,2.11
02/02/2018,2.14
05/02/2018,2.1
06/02/2018,2.1
07/02/2018,2.1
08/02/2018,2.09
09/02/2018,2.05
12/02/2018,2.07
13/02/2018,2.05
14/02/2018,2.09
15/02/2018,2.11
16/02/2018,2.09
19/02/2018,0
20/02/2018,2.1
21/02/2018,2.12
22/02/2018,2.11
23/02/2018,2.12
26/02/2018,2.13
27/02/2018,2.13
28/02/2018,2.12
01/03/2018,2.1
02/03/2018,2.12
05/03/2018,2.13
06/03/2018,2.12
07/03/2018,2.13
08/03/2018,2.11
09/03/2018,2.12
12/03/2018,2.1
13/03/2018,2.09
14/03/2018,2.07
15/03/2018,2.08
16/03/2018,2.08
19/03/2018,2.08
20/03/2018,2.08
21/03/2018,2.09
22/03/2018,2.08
23/03/2018,2.07
26/03/2018,2.08
27/03/2018,2.07
28/03/2018,2.05
29/03/2018,2.05
30/03/2018,0
02/04/2018,2.05
03/04/2018,2.08
04/04/2018,2.08
05/04/2018,2.08
06/04/2018,2.07
09/04/2018,2.07
10/04/2018,2.08
11/04/2018,2.11
12/04/2018,2.13
13/04/2018,2.13
16/04/2018,2.12
17/04/2018,2.14
18/04/2018,2.16
19/04/2018,2.17
20/04/2018,2.17
23/04/2018,2.18
24/04/2018,2.17
25/04/2018,2.17
26/04/2018,2.18
27/04/2018,2.17
30/04/2018,2.17
01/05/2018,2.16
02/05/2018,2.17
03/05/2018,2.16
04/05/2018,2.16
07/05/2018,2.17
08/05/2018,2.16
09/05/2018,2.18
10/05/2018,2.17
11/05/2018,2.15
14/05/2018,2.15
15/05/2018,2.18
16/05/2018,2.17
17/05/2018,2.16
18/05/2018,2.15
21/05/2018,2.16
22/05/2018,2.15
23/05/2018,2.14
24/05/2018,2.12
25/05/2018,2.09
28/05/2018,0
29/05/2018,2.04
30/05/2018,2.06
31/05/2018,2.07
01/06/2018,2.09
04/06/2018,2.12
05/06/2018,2.13
06/06/2018,2.14
07/06/2018,2.13
08/06/2018,2.11
11/06/2018,2.13
12/06/2018,2.13
13/06/2018,2.12
14/06/2018,2.12
15/06/2018,2.12
18/06/2018,2.12
19/06/2018,2.12
20/06/2018,2.12
21/06/2018,2.11
22/06/2018,2.12
25/06/2018,2.1
26/06/2018,2.12
27/06/2018,2.11
28/06/2018,2.1
29/06/2018,2.11
02/07/2018,2.14
03/07/2018,2.12
04/07/2018,0
05/07/2018,2.13
06/07/2018,2.12
09/07/2018,2.13
10/07/2018,2.13
11/07/2018,2.11
12/07/2018,2.1
13/07/2018,2.11
16/07/2018,2.1
17/07/2018,2.09
18/07/2018,2.09
19/07/2018,2.09
20/07/2018,2.11
23/07/2018,2.11
24/07/2018,2.11
25/07/2018,2.13
26/07/2018,2.11
27/07/2018,2.12
30/07/2018,2.13
31/07/2018,2.12
01/08/2018,2.13
02/08/2018,2.12
03/08/2018,2.12
06/08/2018,2.11
07/08/2018,2.13
08/08/2018,2.11
09/08/2018,2.11
10/08/2018,2.09
13/08/2018,2.1
14/08/2018,2.09
15/08/2018,2.08
16/08/2018,2.08
17/08/2018,2.08
20/08/2018,2.07
21/08/2018,2.08
22/08/2018,2.08
23/08/2018,2.09
24/08/2018,2.09
27/08/2018,2.11
28/08/2018,2.11
29/08/2018,2.12
30/08/2018,2.1
31/08/2018,2.08
03/09/2018,0
04/09/2018,2.1
05/09/2018,2.09
06/09/2018,2.08
07/09/2018,2.1
10/09/2018,2.1
11/09/2018,2.12
12/09/2018,2.12
13/09/2018,2.1
14/09/2018,2.1
17/09/2018,2.1
18/09/2018,2.13
19/09/2018,2.15
20/09/2018,2.15
21/09/2018,2.15
24/09/2018,2.16
25/09/2018,2.16
26/09/2018,2.14
27/09/2018,2.15
28/09/2018,2.14
01/10/2018,2.14
02/10/2018,2.12
03/10/2018,2.16
04/10/2018,2.16
05/10/2018,2.16
08/10/2018,0
09/10/2018,2.17
10/10/2018,2.16
11/10/2018,2.12
12/10/2018,2.12
15/10/2018,2.13
16/10/2018,2.13
17/10/2018,2.13
18/10/2018,2.1
19/10/2018,2.11
22/10/2018,2.11
23/10/2018,2.09
24/10/2018,2.07
25/10/2018,2.05
26/10/2018,2.06
29/10/2018,2.06
30/10/2018,2.05
31/10/2018,2.05
01/11/2018,2.02
02/11/2018,2.06
05/11/2018,2.06
06/11/2018,2.07
07/11/2018,2.07
08/11/2018,2.07
09/11/2018,2.04
12/11/2018,0
13/11/2018,2.02
14/11/2018,2
15/11/2018,2
16/11/2018,2.02
19/11/2018,1.99
20/11/2018,1.97
21/11/2018,1.97
22/11/2018,0
23/11/2018,1.96
26/11/2018,1.96
27/11/2018,1.91
28/11/2018,1.94
29/11/2018,1.98
30/11/2018,1.97
03/12/2018,1.96
04/12/2018,1.94
05/12/2018,0
06/12/2018,1.9
07/12/2018,1.89
10/12/2018,1.86
11/12/2018,1.83
12/12/2018,1.83
13/12/2018,1.83
14/12/2018,1.82
17/12/2018,1.81
18/12/2018,1.81
19/12/2018,1.8
20/12/2018,1.76
21/12/2018,1.77
24/12/2018,1.75
25/12/2018,0
26/12/2018,1.77
27/12/2018,1.74
28/12/2018,1.73
31/12/2018,1.71
01/01/2019,0
02/01/2019,1.7
03/01/2019,1.68
04/01/2019,1.76
07/01/2019,1.78
08/01/2019,1.82
09/01/2019,1.83
10/01/2019,1.81
11/01/2019,1.83
14/01/2019,1.81
15/01/2019,1.81
16/01/2019,1.82
17/01/2019,1.79
18/01/2019,1.83
21/01/2019,0
22/01/2019,1.79
23/01/2019,1.8
24/01/2019,1.77
25/01/2019,1.79
28/01/2019,1.78
29/01/2019,1.78
30/01/2019,1.84
31/01/2019,1.85
01/02/2019,1.88
04/02/2019,1.87
05/02/2019,1.87
06/02/2019,1.86
07/02/2019,1.84
08/02/2019,1.82
11/02/2019,1.82
12/02/2019,1.83
13/02/2019,1.86
14/02/2019,1.85
15/02/2019,1.86
18/02/2019,0
19/02/2019,1.87
20/02/2019,1.89
21/02/2019,1.91
22/02/2019,1.91
25/02/2019,1.92
26/02/2019,1.92
27/02/2019,1.93
28/02/2019,1.95
01/03/2019,1.96
04/03/2019,1.94
05/03/2019,1.93
06/03/2019,1.91
07/03/2019,1.9
08/03/2019,1.9
11/03/2019,1.91
12/03/2019,1.9
13/03/2019,1.92
14/03/2019,1.94
15/03/2019,1.94
18/03/2019,1.96
19/03/2019,1.95
20/03/2019,1.96
21/03/2019,1.96
22/03/2019,1.9
25/03/2019,1.88
26/03/2019,1.86
27/03/2019,1.84
28/03/2019,1.83
29/03/2019,1.88
01/04/2019,1.9
02/04/2019,1.9
03/04/2019,1.91
04/04/2019,1.9
05/04/2019,1.9
08/04/2019,1.91
09/04/2019,1.91
10/04/2019,1.94
11/04/2019,1.94
12/04/2019,1.95
15/04/2019,1.94
16/04/2019,1.96
17/04/2019,1.94
18/04/2019,1.95
19/04/2019,0
22/04/2019,1.95
23/04/2019,1.95
24/04/2019,1.96
25/04/2019,1.98
26/04/2019,1.97
29/04/2019,1.96
30/04/2019,1.95
01/05/2019,1.93
02/05/2019,1.89
03/05/2019,1.91
06/05/2019,1.91
07/05/2019,1.87
08/05/2019,1.87
09/05/2019,1.85
10/05/2019,1.88
13/05/2019,1.85
14/05/2019,1.86
15/05/2019,1.83
16/05/2019,1.84
17/05/2019,1.81
20/05/2019,1.81
21/05/2019,1.83
22/05/2019,1.79
23/05/2019,1.73
24/05/2019,1.76
27/05/2019,0
28/05/2019,1.73
29/05/2019,1.75
30/05/2019,1.74
31/05/2019,1.74
03/06/2019,1.73
04/06/2019,1.74
05/06/2019,1.75
06/06/2019,1.73
07/06/2019,1.74
10/06/2019,1.73
11/06/2019,1.72
12/06/2019,1.71
13/06/2019,1.68
14/06/2019,1.63
17/06/2019,1.61
18/06/2019,1.64
19/06/2019,1.67
20/06/2019,1.74
21/06/2019,1.73
24/06/2019,1.71
25/06/2019,1.67
26/06/2019,1.7
27/06/2019,1.68
28/06/2019,1.69
01/07/2019,1.69
02/07/2019,1.65
03/07/2019,1.65
04/07/2019,0
05/07/2019,1.69
08/07/2019,1.7
09/07/2019,1.71
10/07/2019,1.74
11/07/2019,1.77
12/07/2019,1.77
15/07/2019,1.77
16/07/2019,1.8
17/07/2019,1.75
18/07/2019,1.79
19/07/2019,1.8
22/07/2019,1.79
23/07/2019,1.81
24/07/2019,1.79
25/07/2019,1.8
26/07/2019,1.78
29/07/2019,1.77
30/07/2019,1.78
31/07/2019,1.76
01/08/2019,1.7
02/08/2019,1.66
05/08/2019,1.6
06/08/2019,1.62
07/08/2019,1.62
08/08/2019,1.65
09/08/2019,1.66
12/08/2019,1.61
13/08/2019,1.63
14/08/2019,1.57
15/08/2019,1.54
16/08/2019,1.54
19/08/2019,1.56
20/08/2019,1.53
21/08/2019,1.54
22/08/2019,1.55
23/08/2019,1.54
26/08/2019,1.54
27/08/2019,1.55
28/08/2019,1.55
29/08/2019,1.59
30/08/2019,1.55
02/09/2019,0
03/09/2019,1.5
04/09/2019,1.51
05/09/2019,1.56
06/09/2019,1.54
09/09/2019,1.57
10/09/2019,1.6
11/09/2019,1.6
12/09/2019,1.63
13/09/2019,1.67
16/09/2019,1.67
17/09/2019,1.66
18/09/2019,1.59
19/09/2019,1.61
20/09/2019,1.61
23/09/2019,1.61
24/09/2019,1.58
25/09/2019,1.6
26/09/2019,1.57
27/09/2019,1.53
30/09/2019,1.53
01/10/2019,1.52
02/10/2019,1.5
03/10/2019,1.48
04/10/2019,1.5
07/10/2019,1.51
08/10/2019,1.48
09/10/2019,1.49
10/10/2019,1.52
11/10/2019,1.56
14/10/2019,0
15/10/2019,1.56
16/10/2019,1.57
17/10/2019,1.59
18/10/2019,1.6
21/10/2019,1.61
22/10/2019,1.61
23/10/2019,1.61
24/10/2019,1.62
25/10/2019,1.65
28/10/2019,1.64
29/10/2019,1.61
30/10/2019,1.57
31/10/2019,1.54
01/11/2019,1.59
04/11/2019,1.64
05/11/2019,1.68
06/11/2019,1.66
07/11/2019,1.69
08/11/2019,1.71
11/11/2019,0
12/11/2019,1.7
13/11/2019,1.66
14/11/2019,1.62
15/11/2019,1.63
18/11/2019,1.63
19/11/2019,1.63
20/11/2019,1.6
21/11/2019,1.63
22/11/2019,1.62
25/11/2019,1.62
26/11/2019,1.62
27/11/2019,1.63
28/11/2019,0
29/11/2019,1.61
02/12/2019,1.65
03/12/2019,1.63
04/12/2019,1.66
05/12/2019,1.67
06/12/2019,1.69
09/12/2019,1.69
10/12/2019,1.71
11/12/2019,1.69
12/12/2019,1.72
13/12/2019,1.7
16/12/2019,1.73
17/12/2019,1.75
18/12/2019,1.76
19/12/2019,1.77
20/12/2019,1.77
23/12/2019,1.75
24/12/2019,1.75
25/12/2019,0
26/12/2019,1.74
27/12/2019,1.73
30/12/2019,1.75
31/12/2019,1.77
01/01/2020,0
02/01/2020,1.8
03/01/2020,1.77
06/01/2020,1.75
07/01/2020,1.74
08/01/2020,1.75
09/01/2020,1.74
10/01/2020,1.76
13/01/2020,1.77
14/01/2020,1.77
15/01/2020,1.75
16/01/2020,1.74
17/01/2020,1.75
20/01/2020,0
21/01/2020,1.74
22/01/2020,1.72
23/01/2020,1.7
24/01/2020,1.68
27/01/2020,1.63
28/01/2020,1.65
29/01/2020,1.64
30/01/2020,1.64
31/01/2020,1.65
03/02/2020,1.63
04/02/2020,1.64
05/02/2020,1.66
06/02/2020,1.67
07/02/2020,1.66
10/02/2020,1.66
11/02/2020,1.65
12/02/2020,1.66
13/02/2020,1.67
14/02/2020,1.66
17/02/2020,0
18/02/2020,1.65
19/02/2020,1.65
20/02/2020,1.63
21/02/2020,1.61
24/02/2020,1.59
25/02/2020,1.53
26/02/2020,1.54
27/02/2020,1.53
28/02/2020,1.41
02/03/2020,1.41
03/03/2020,1.45
04/03/2020,1.46
05/03/2020,1.4
06/03/2020,1.31
09/03/2020,0.99
10/03/2020,1
11/03/2020,0.96
12/03/2020,0.92
13/03/2020,0.9
16/03/2020,0.73
17/03/2020,0.63
18/03/2020,0.63
19/03/2020,0.5
20/03/2020,0.75
23/03/2020,0.8
24/03/2020,0.97
25/03/2020,1.07
26/03/2020,1.07
27/03/2020,0.94
30/03/2020,0.95
31/03/2020,0.87
01/04/2020,0.91
02/04/2020,1.03
03/04/2020,1.08
06/04/2020,1.14
07/04/2020,1.17
08/04/2020,1.19
09/04/2020,1.23
10/04/2020,0
13/04/2020,1.26
14/04/2020,1.29
15/04/2020,1.19
16/04/2020,1.03
17/04/2020,1.01
20/04/2020,0.94
21/04/2020,0.96
22/04/2020,1.06
23/04/2020,1.05
24/04/2020,1.11
27/04/2020,1.17
28/04/2020,1.14
29/04/2020,1.14
30/04/2020,1.07
01/05/2020,1.06
04/05/2020,1.07
05/05/2020,1.1
06/05/2020,1.1
07/05/2020,1.08
08/05/2020,1.12
11/05/2020,1.13
12/05/2020,1.09
13/05/2020,1.07
14/05/2020,1.06
15/05/2020,1.09
18/05/2020,1.17
19/05/2020,1.15
20/05/2020,1.16
21/05/2020,1.14
22/05/2020,1.12
25/05/2020,0
26/05/2020,1.13
27/05/2020,1.14
28/05/2020,1.18
29/05/2020,1.15
01/06/2020,1.18
02/06/2020,1.18
03/06/2020,1.21
04/06/2020,1.22
05/06/2020,1.27
08/06/2020,1.28
09/06/2020,1.26
10/06/2020,1.27
11/06/2020,1.21
12/06/2020,1.21
15/06/2020,1.23
16/06/2020,1.27
17/06/2020,1.26
18/06/2020,1.28
19/06/2020,1.3
22/06/2020,1.34
23/06/2020,1.38
24/06/2020,1.33
25/06/2020,1.33
26/06/2020,1.32
29/06/2020,1.34
30/06/2020,1.34
01/07/2020,1.37
02/07/2020,1.41
03/07/2020,0
06/07/2020,1.45
07/07/2020,1.43
08/07/2020,1.42
09/07/2020,1.39
10/07/2020,1.41
13/07/2020,1.42
14/07/2020,1.41
15/07/2020,1.41
16/07/2020,1.41
17/07/2020,1.46
20/07/2020,1.46
21/07/2020,1.48
22/07/2020,1.48
23/07/2020,1.49
24/07/2020,1.51
27/07/2020,1.52
28/07/2020,1.51
29/07/2020,1.53
30/07/2020,1.52
31/07/2020,1.55
03/08/2020,1.58
04/08/2020,1.57
05/08/2020,1.61
06/08/2020,1.63
07/08/2020,1.61
10/08/2020,1.61
11/08/2020,1.63
12/08/2020,1.67
13/08/2020,1.67
14/08/2020,1.65
17/08/2020,1.66
18/08/2020,1.68
19/08/2020,1.67
20/08/2020,1.62
21/08/2020,1.64
24/08/2020,1.67
25/08/2020,1.7
26/08/2020,1.72
27/08/2020,1.73
28/08/2020,1.77
31/08/2020,1.8
01/09/2020,1.76
02/09/2020,1.73
03/09/2020,1.65
04/09/2020,1.7
07/09/2020,0
08/09/2020,1.68
09/09/2020,1.71
10/09/2020,1.69
11/09/2020,1.65
14/09/2020,1.65
15/09/2020,1.67
16/09/2020,1.68
17/09/2020,1.66
18/09/2020,1.67
21/09/2020,1.62
22/09/2020,1.62
23/09/2020,1.6
24/09/2020,1.58
25/09/2020,1.58
28/09/2020,1.61
29/09/2020,1.64
30/09/2020,1.63
01/10/2020,1.63
02/10/2020,1.64
05/10/2020,1.68
06/10/2020,1.66
07/10/2020,1.71
08/10/2020,1.72
09/10/2020,1.73
12/10/2020,0
13/10/2020,1.7
14/10/2020,1.69
15/10/2020,1.69
16/10/2020,1.71
19/10/2020,1.71
20/10/2020,1.72
21/10/2020,1.74
22/10/2020,1.76
23/10/2020,1.75
26/10/2020,1.72
27/10/2020,1.71
28/10/2020,1.7
29/10/2020,1.71
30/10/2020,1.7
02/11/2020,1.71
03/11/2020,1.72
04/11/2020,1.64
05/11/2020,1.66
06/11/2020,1.65
09/11/2020,1.73
10/11/2020,1.76
11/11/2020,0
12/11/2020,1.71
13/11/2020,1.72
16/11/2020,1.72
17/11/2020,1.7
18/11/2020,1.7
19/11/2020,1.7
20/11/2020,1.69
23/11/2020,1.71
24/11/2020,1.74
25/11/2020,1.75
26/11/2020,0
27/11/2020,1.75
30/11/2020,1.77
01/12/2020,1.81
02/12/2020,1.85
03/12/2020,1.86
04/12/2020,1.89
07/12/2020,1.88
08/12/2020,1.89
09/12/2020,1.91
10/12/2020,1.88
11/12/2020,1.87
14/12/2020,1.88
15/12/2020,1.91
16/12/2020,1.92
17/12/2020,1.94
18/12/2020,1.95
21/12/2020,1.95
22/12/2020,1.94
23/12/2020,1.97
24/12/2020,1.97
25/12/2020,0
28/12/2020,1.97
29/12/2020,1.96
30/12/2020,1.96
31/12/2020,1.99
01/01/2021,0
04/01/2021,2.01
05/01/2021,2.03
06/01/2021,2.06
07/01/2021,2.09
08/01/2021,2.06
11/01/2021,2.06
12/01/2021,2.08
13/01/2021,2.06
14/01/2021,2.09
15/01/2021,2.1
18/01/2021,0
19/01/2021,2.1
20/01/2021,2.12
21/01/2021,2.1
22/01/2021,2.09
25/01/2021,2.08
26/01/2021,2.08
27/01/2021,2.08
28/01/2021,2.13
29/01/2021,2.13
01/02/2021,2.11
02/02/2021,2.15
03/02/2021,2.19
04/02/2021,2.17
05/02/2021,2.21
08/02/2021,2.22
09/02/2021,2.22
10/02/2021,2.21
11/02/2021,2.2
12/02/2021,2.21
15/02/2021,0
16/02/2021,2.24
17/02/2021,2.21
18/02/2021,2.16
19/02/2021,2.14
22/02/2021,2.16
23/02/2021,2.16
24/02/2021,2.17
25/02/2021,2.14
26/02/2021,2.15
01/03/2021,2.16
02/03/2021,2.2
03/03/2021,2.21
04/03/2021,2.2
05/03/2021,2.22
08/03/2021,2.21
09/03/2021,2.21
10/03/2021,2.26
11/03/2021,2.28
12/03/2021,2.26
15/03/2021,2.27
16/03/2021,2.3
17/03/2021,2.3
18/03/2021,2.27
19/03/2021,2.31
22/03/2021,2.33
23/03/2021,2.29
24/03/2021,2.31
25/03/2021,2.32
26/03/2021,2.34
29/03/2021,2.36
30/03/2021,2.35
31/03/2021,2.37
01/04/2021,2.35
02/04/2021,2.36
05/04/2021,2.35
06/04/2021,2.32
07/04/2021,2.34
08/04/2021,2.33
09/04/2021,2.31
12/04/2021,2.33
13/04/2021,2.33
14/04/2021,2.33
15/04/2021,2.33
16/04/2021,2.36
19/04/2021,2.34
20/04/2021,2.32
21/04/2021,2.33
22/04/2021,2.33
23/04/2021,2.34
26/04/2021,2.36
27/04/2021,2.39
28/04/2021,2.41
29/04/2021,2.42
30/04/2021,2.41
03/05/2021,2.42
04/05/2021,2.42
05/05/2021,2.47
06/05/2021,2.45
07/05/2021,2.49
10/05/2021,2.54
11/05/2021,2.53
12/05/2021,2.54
13/05/2021,2.51
14/05/2021,2.51
17/05/2021,2.54
18/05/2021,2.52
19/05/2021,2.48
20/05/2021,2.41
21/05/2021,2.43
24/05/2021,2.44
25/05/2021,2.42
26/05/2021,2.4
27/05/2021,2.42
28/05/2021,2.42
31/05/2021,0
01/06/2021,2.46
02/06/2021,2.44
03/06/2021,2.42
04/06/2021,2.4
07/06/2021,2.39
08/06/2021,2.36
09/06/2021,2.32
10/06/2021,2.35
11/06/2021,2.32
14/06/2021,2.36
15/06/2021,2.38
16/06/2021,2.32
17/06/2021,2.27
18/06/2021,2.24
21/06/2021,2.25
22/06/2021,2.31
23/06/2021,2.34
24/06/2021,2.3
25/06/2021,2.34
28/06/2021,2.33
29/06/2021,2.32
30/06/2021,2.32
01/07/2021,2.35
02/07/2021,2.33
05/07/2021,0
06/07/2021,2.31
07/07/2021,2.28
08/07/2021,2.22
09/07/2021,2.28
12/07/2021,2.33
13/07/2021,2.36
14/07/2021,2.34
15/07/2021,2.32
16/07/2021,2.33
19/07/2021,2.24
20/07/2021,2.26
21/07/2021,2.28
22/07/2021,2.28
23/07/2021,2.35
26/07/2021,2.4
27/07/2021,2.38
28/07/2021,2.41
29/07/2021,2.43
30/07/2021,2.4
02/08/2021,2.37
03/08/2021,2.38
04/08/2021,2.35
05/08/2021,2.33
06/08/2021,2.37
09/08/2021,2.37
10/08/2021,2.4
11/08/2021,2.42
12/08/2021,2.41
13/08/2021,2.37
16/08/2021,2.36
17/08/2021,2.33
18/08/2021,2.32
19/08/2021,2.28
20/08/2021,2.27
23/08/2021,2.27
24/08/2021,2.3
25/08/2021,2.35
26/08/2021,2.33
27/08/2021,2.39
30/08/2021,2.37
31/08/2021,2.33
01/09/2021,2.34
02/09/2021,2.32
03/09/2021,2.34
06/09/2021,0
07/09/2021,2.36
08/09/2021,2.38
09/09/2021,2.38
10/09/2021,2.4
13/09/2021,2.37
14/09/2021,2.33
15/09/2021,2.35
16/09/2021,2.35
17/09/2021,2.33
20/09/2021,2.29
21/09/2021,2.29
22/09/2021,2.28
23/09/2021,2.31
24/09/2021,2.34
27/09/2021,2.35
28/09/2021,2.38
29/09/2021,2.37
30/09/2021,2.37
01/10/2021,2.38
04/10/2021,2.38
05/10/2021,2.45
06/10/2021,2.43
07/10/2021,2.46
08/10/2021,2.5
11/10/2021,0
12/10/2021,2.49
13/10/2021,2.52
14/10/2021,2.52
15/10/2021,2.56
18/10/2021,2.54
19/10/2021,2.54
20/10/2021,2.57
21/10/2021,2.64
22/10/2021,2.64
25/10/2021,2.66
26/10/2021,2.69
27/10/2021,2.65
28/10/2021,2.57
29/10/2021,2.51
01/11/2021,2.5
02/11/2021,2.51
03/11/2021,2.53
04/11/2021,2.56
05/11/2021,2.54
08/11/2021,2.62
09/11/2021,2.63
10/11/2021,2.7
11/11/2021,0
12/11/2021,2.73
15/11/2021,2.76
16/11/2021,2.73
17/11/2021,2.7
18/11/2021,2.73
19/11/2021,2.65
22/11/2021,2.61
23/11/2021,2.62
24/11/2021,2.61
25/11/2021,0
26/11/2021,2.55
29/11/2021,2.54
30/11/2021,2.5
01/12/2021,2.44
02/12/2021,2.47
03/12/2021,2.43
06/12/2021,2.44
07/12/2021,2.47
08/12/2021,2.52
09/12/2021,2.47
10/12/2021,2.44
13/12/2021,2.4
14/12/2021,2.37
15/12/2021,2.39
16/12/2021,2.42
17/12/2021,2.38
20/12/2021,2.39
21/12/2021,2.44
22/12/2021,2.47
23/12/2021,2.47
24/12/2021,0
27/12/2021,2.5
28/12/2021,2.5
29/12/2021,2.53
30/12/2021,2.58
31/12/2021,2.56
03/01/2022,2.6
04/01/2022,2.57
05/01/2022,2.53
06/01/2022,2.46
07/01/2022,2.48
10/01/2022,2.48
11/01/2022,2.54
12/01/2022,2.48
13/01/2022,2.43
14/01/2022,2.44
17/01/2022,0
18/01/2022,2.46
19/01/2022,2.4
20/01/2022,2.33
21/01/2022,2.34
24/01/2022,2.38
25/01/2022,2.41
26/01/2022,2.38
27/01/2022,2.4
28/01/2022,2.44
31/01/2022,2.44
01/02/2022,2.43
02/02/2022,2.41
03/02/2022,2.38
04/02/2022,2.41
07/02/2022,2.4
08/02/2022,2.42
09/02/2022,2.42
10/02/2022,2.45
11/02/2022,2.43
14/02/2022,2.48
15/02/2022,2.48
16/02/2022,2.46
17/02/2022,2.43
18/02/2022,2.41
21/02/2022,0
22/02/2022,2.45
23/02/2022,2.53
24/02/2022,2.55
25/02/2022,2.54
28/02/2022,2.62
01/03/2022,2.62
02/03/2022,2.71
03/03/2022,2.69
04/03/2022,2.67
07/03/2022,2.77
08/03/2022,2.9
09/03/2022,2.84
10/03/2022,2.86
11/03/2022,2.94
14/03/2022,2.93
15/03/2022,2.84
16/03/2022,2.8
17/03/2022,2.91
18/03/2022,2.86
21/03/2022,2.9
22/03/2022,2.91
23/03/2022,2.94
24/03/2022,2.92
25/03/2022,2.95
28/03/2022,2.95
29/03/2022,2.86
30/03/2022,2.86
31/03/2022,2.84
01/04/2022,2.8
04/04/2022,2.8
05/04/2022,2.84
06/04/2022,2.83
07/04/2022,2.82
08/04/2022,2.87
11/04/2022,2.91
12/04/2022,2.86
13/04/2022,2.8
14/04/2022,2.89
15/04/2022,0
18/04/2022,2.92
19/04/2022,2.93
20/04/2022,2.92
21/04/2022,3.02
22/04/2022,2.98
25/04/2022,2.91
26/04/2022,2.85
27/04/2022,2.88
28/04/2022,2.97
29/04/2022,2.88
02/05/2022,2.81
03/05/2022,2.83
04/05/2022,2.86
05/05/2022,2.87
06/05/2022,2.86
09/05/2022,2.75
10/05/2022,2.65
11/05/2022,2.7
12/05/2022,2.59
13/05/2022,2.69
16/05/2022,2.68
17/05/2022,2.71
18/05/2022,2.72
19/05/2022,2.59
20/05/2022,2.55
23/05/2022,2.6
24/05/2022,2.55
25/05/2022,2.56
26/05/2022,2.62
27/05/2022,2.63
30/05/2022,0
31/05/2022,2.64
01/06/2022,2.65
02/06/2022,2.66
03/06/2022,2.74
06/06/2022,2.76
07/06/2022,2.73
08/06/2022,2.75
09/06/2022,2.75
10/06/2022,2.76
13/06/2022,2.74
14/06/2022,2.6
15/06/2022,2.7
16/06/2022,2.62
17/06/2022,2.58
20/06/2022,0
21/06/2022,2.61
22/06/2022,2.54
23/06/2022,2.5
24/06/2022,2.56
27/06/2022,2.55
28/06/2022,2.48
29/06/2022,2.36
30/06/2022,2.33
01/07/2022,2.34
04/07/2022,0
05/07/2022,2.3
06/07/2022,2.29
07/07/2022,2.33
08/07/2022,2.37
11/07/2022,2.32
12/07/2022,2.32
13/07/2022,2.31
14/07/2022,2.34
15/07/2022,2.36
18/07/2022,2.37
19/07/2022,2.39
20/07/2022,2.38
21/07/2022,2.33
22/07/2022,2.34
25/07/2022,2.36
26/07/2022,2.36
27/07/2022,2.42
28/07/2022,2.48
29/07/2022,2.53
01/08/2022,2.51
02/08/2022,2.48
03/08/2022,2.5
04/08/2022,2.46
05/08/2022,2.46
08/08/2022,2.48
09/08/2022,2.47
10/08/2022,2.43
11/08/2022,2.47
12/08/2022,2.47
15/08/2022,2.44
16/08/2022,2.44
17/08/2022,2.46
18/08/2022,2.52
19/08/2022,2.55
22/08/2022,2.57
23/08/2022,2.58
24/08/2022,2.62
25/08/2022,2.6
26/08/2022,2.57
29/08/2022,2.58
30/08/2022,2.55
31/08/2022,2.48
01/09/2022,2.45
02/09/2022,2.47
05/09/2022,0
06/09/2022,2.48
07/09/2022,2.45
08/09/2022,2.41
09/09/2022,2.42
12/09/2022,2.42
13/09/2022,2.44
14/09/2022,2.46
15/09/2022,2.43
16/09/2022,2.38
19/09/2022,2.34
20/09/2022,2.4
21/09/2022,2.38
22/09/2022,2.41
23/09/2022,2.37
26/09/2022,2.32
27/09/2022,2.33
28/09/2022,2.33
29/09/2022,2.19
30/09/2022,2.15
03/10/2022,2.24
04/10/2022,2.24
05/10/2022,2.22
06/10/2022,2.22
07/10/2022,2.27
10/10/2022,0
11/10/2022,2.31
12/10/2022,2.29
13/10/2022,2.34
14/10/2022,2.41
17/10/2022,2.45
18/10/2022,2.41
19/10/2022,2.42
20/10/2022,2.51
21/10/2022,2.52
24/10/2022,2.59
25/10/2022,2.51
26/10/2022,2.44
27/10/2022,2.45
28/10/2022,2.51
31/10/2022,2.52
01/11/2022,2.51
02/11/2022,2.53
03/11/2022,2.4
04/11/2022,2.48
07/11/2022,2.53
08/11/2022,2.5
09/11/2022,2.42
10/11/2022,2.39
11/11/2022,0
14/11/2022,2.37
15/11/2022,2.35
16/11/2022,2.29
17/11/2022,2.28
18/11/2022,2.25
21/11/2022,2.31
22/11/2022,2.32
23/11/2022,2.32
24/11/2022,0
25/11/2022,2.32
28/11/2022,2.26
29/11/2022,2.25
30/11/2022,2.34
01/12/2022,2.36
02/12/2022,2.43
05/12/2022,2.39
06/12/2022,2.31
07/12/2022,2.26
08/12/2022,2.28
09/12/2022,2.26
12/12/2022,2.28
13/12/2022,2.24
14/12/2022,2.19
15/12/2022,2.16
16/12/2022,2.13
19/12/2022,2.15
20/12/2022,2.24
21/12/2022,2.27
22/12/2022,2.19
23/12/2022,2.2
26/12/2022,0
27/12/2022,2.26
28/12/2022,2.28
29/12/2022,2.27
30/12/2022,2.3
02/01/2023,0
03/01/2023,2.26
04/01/2023,2.22
05/01/2023,2.22
06/01/2023,2.21
09/01/2023,2.22
10/01/2023,2.24
11/01/2023,2.23
12/01/2023,2.21
13/01/2023,2.18
16/01/2023,0
17/01/2023,2.17
18/01/2023,2.12
19/01/2023,2.2
20/01/2023,2.23
23/01/2023,2.28
24/01/2023,2.27
25/01/2023,2.29
26/01/2023,2.33
27/01/2023,2.33
30/01/2023,2.29
31/01/2023,2.24
01/02/2023,2.25
02/02/2023,2.22
03/02/2023,2.22
06/02/2023,2.25
07/02/2023,2.31
08/02/2023,2.34
09/02/2023,2.33
10/02/2023,2.33
13/02/2023,2.31
14/02/2023,2.31
15/02/2023,2.35
16/02/2023,2.37
17/02/2023,2.36
20/02/2023,0
21/02/2023,2.42
22/02/2023,2.41
23/02/2023,2.39
24/02/2023,2.38
27/02/2023,2.36
28/02/2023,2.43
01/03/2023,2.44
02/03/2023,2.48
03/03/2023,2.52
06/03/2023,2.49
07/03/2023,2.38
08/03/2023,2.32
09/03/2023,2.3
10/03/2023,2.26
13/03/2023,2.24
14/03/2023,2.31
15/03/2023,2.29
16/03/2023,2.22
17/03/2023,2.1
20/03/2023,2.14
21/03/2023,2.23
22/03/2023,2.28
23/03/2023,2.19
24/03/2023,2.22
27/03/2023,2.24
28/03/2023,2.31
29/03/2023,2.33
30/03/2023,2.34
31/03/2023,2.32
03/04/2023,2.29
04/04/2023,2.25
05/04/2023,2.23
06/04/2023,2.24
07/04/2023,2.25
10/04/2023,2.27
11/04/2023,2.29
12/04/2023,2.27
13/04/2023,2.29
14/04/2023,2.3
17/04/2023,2.32
18/04/2023,2.28
19/04/2023,2.28
20/04/2023,2.26
21/04/2023,2.28
24/04/2023,2.28
25/04/2023,2.25
26/04/2023,2.25
27/04/2023,2.27
28/04/2023,2.18
01/05/2023,2.23
02/05/2023,2.2
03/05/2023,2.2
04/05/2023,2.19
05/05/2023,2.21
08/05/2023,2.23
09/05/2023,2.23
10/05/2023,2.17
11/05/2023,2.16
12/05/2023,2.18
15/05/2023,2.19
16/05/2023,2.19
17/05/2023,2.22
18/05/2023,2.23
19/05/2023,2.24
22/05/2023,2.24
23/05/2023,2.26
24/05/2023,2.25
25/05/2023,2.25
26/05/2023,2.23
29/05/2023,0
30/05/2023,2.22
31/05/2023,2.18
01/06/2023,2.16
02/06/2023,2.18
05/06/2023,2.19
06/06/2023,2.2
07/06/2023,2.21
08/06/2023,2.2
09/06/2023,2.2
12/06/2023,2.17
13/06/2023,2.2
14/06/2023,2.21
15/06/2023,2.21
16/06/2023,2.22
19/06/2023,0
20/06/2023,2.22
21/06/2023,2.21
22/06/2023,2.24
23/06/2023,2.21
26/06/2023,2.18
27/06/2023,2.2
28/06/2023,2.18
29/06/2023,2.2
30/06/2023,2.22
03/07/2023,2.25
04/07/2023,0
05/07/2023,2.26
06/07/2023,2.27
07/07/2023,2.27
10/07/2023,2.25
11/07/2023,2.24
12/07/2023,2.26
13/07/2023,2.24
14/07/2023,2.24
17/07/2023,2.25
18/07/2023,2.23
19/07/2023,2.22
20/07/2023,2.35
21/07/2023,2.35
24/07/2023,2.38
25/07/2023,2.39
26/07/2023,2.36
27/07/2023,2.37
28/07/2023,2.38
31/07/2023,2.37
01/08/2023,2.37
02/08/2023,2.36
03/08/2023,2.37
04/08/2023,2.38
07/08/2023,2.41
08/08/2023,2.36
09/08/2023,2.34
10/08/2023,2.33
11/08/2023,2.36
14/08/2023,2.36
15/08/2023,2.32
16/08/2023,2.32
17/08/2023,2.33
18/08/2023,2.32
21/08/2023,2.34
22/08/2023,2.35
23/08/2023,2.35
24/08/2023,2.32
25/08/2023,2.33
28/08/2023,2.3
29/08/2023,2.29
30/08/2023,2.26
31/08/2023,2.24
01/09/2023,2.26
04/09/2023,0
05/09/2023,2.29
06/09/2023,2.3
07/09/2023,2.32
08/09/2023,2.33
11/09/2023,2.35
12/09/2023,2.34
13/09/2023,2.35
14/09/2023,2.34
15/09/2023,2.35
18/09/2023,2.36
19/09/2023,2.37
20/09/2023,2.35
21/09/2023,2.38
22/09/2023,2.37
25/09/2023,2.37
26/09/2023,2.33
27/09/2023,2.34
28/09/2023,2.39
29/09/2023,2.35
02/10/2023,2.35
03/10/2023,2.36
04/10/2023,2.33
05/10/2023,2.31
06/10/2023,2.31
09/10/2023,0
10/10/2023,2.32
11/10/2023,2.32
12/10/2023,2.34
13/10/2023,2.34
16/10/2023,2.38
17/10/2023,2.41
18/10/2023,2.44
19/10/2023,2.49
20/10/2023,2.47
23/10/2023,2.41
24/10/2023,2.4
25/10/2023,2.43
26/10/2023,2.42
27/10/2023,2.42
30/10/2023,2.44
31/10/2023,2.42
01/11/2023,2.41
02/11/2023,2.4
03/11/2023,2.39
06/11/2023,2.42
07/11/2023,2.39
08/11/2023,2.34
09/11/2023,2.33
10/11/2023,2.32
13/11/2023,2.31
14/11/2023,2.28
15/11/2023,2.31
16/11/2023,2.27
17/11/2023,2.28
20/11/2023,2.3
21/11/2023,2.25
22/11/2023,2.26
23/11/2023,0
24/11/2023,2.26
27/11/2023,2.21
28/11/2023,2.22
29/11/2023,2.21
30/11/2023,2.23
01/12/2023,2.22
04/12/2023,2.21
05/12/2023,2.17
06/12/2023,2.14
07/12/2023,2.17
08/12/2023,2.21
11/12/2023,2.19
12/12/2023,2.16
13/12/2023,2.16
14/12/2023,2.22
15/12/2023,2.22
18/12/2023,2.21
19/12/2023,2.19
20/12/2023,2.19
21/12/2023,2.19
22/12/2023,2.19
25/12/2023,0
26/12/2023,2.18
27/12/2023,2.15
28/12/2023,2.16
29/12/2023,2.16
01/01/2024,0
02/01/2024,2.21
03/01/2024,2.2
04/01/2024,2.22
05/01/2024,2.22
08/01/2024,2.22
09/01/2024,2.22
10/01/2024,2.22
11/01/2024,2.22
12/01/2024,2.27
15/01/2024,0
16/01/2024,2.3
17/01/2024,2.3
18/01/2024,2.34
19/01/2024,2.34
22/01/2024,2.31
23/01/2024,2.29
24/01/2024,2.3
25/01/2024,2.29
26/01/2024,2.3
29/01/2024,2.3
30/01/2024,2.26
31/01/2024,2.26
01/02/2024,2.19
02/02/2024,2.21
05/02/2024,2.27
06/02/2024,2.24
07/02/2024,2.23
08/02/2024,2.24
09/02/2024,2.25
12/02/2024,2.24
13/02/2024,2.29
14/02/2024,2.3
15/02/2024,2.3
16/02/2024,2.33
19/02/2024,0
20/02/2024,2.32
21/02/2024,2.34
22/02/2024,2.31
23/02/2024,2.3
26/02/2024,2.31
27/02/2024,2.32
28/02/2024,2.33
29/02/2024,2.33
01/03/2024,2.32
04/03/2024,2.34
05/03/2024,2.32
06/03/2024,2.3
07/03/2024,2.28
08/03/2024,2.28
11/03/2024,2.27
12/03/2024,2.3
13/03/2024,2.3
14/03/2024,2.3
15/03/2024,2.32
18/03/2024,2.31
19/03/2024,2.3
20/03/2024,2.31
21/03/2024,2.34
22/03/2024,2.35
25/03/2024,2.33
26/03/2024,2.32
27/03/2024,2.32
28/03/2024,2.32
29/03/2024,0
01/04/2024,2.35
02/04/2024,2.36
03/04/2024,2.36
04/04/2024,2.34
05/04/2024,2.37
08/04/2024,2.38
09/04/2024,2.36
10/04/2024,2.4
11/04/2024,2.4
12/04/2024,2.39
15/04/2024,2.43
16/04/2024,2.43
17/04/2024,2.39
18/04/2024,2.4
19/04/2024,2.41
22/04/2024,2.41
23/04/2024,2.41
24/04/2024,2.41
25/04/2024,2.42
26/04/2024,2.43
29/04/2024,2.41
30/04/2024,2.41
01/05/2024,2.38
02/05/2024,2.37
03/05/2024,2.35
06/05/2024,2.35
07/05/2024,2.32
08/05/2024,2.31
09/05/2024,2.32
10/05/2024,2.34
13/05/2024,2.33
14/05/2024,2.33
15/05/2024,2.31
16/05/2024,2.31
17/05/2024,2.32
20/05/2024,2.33
21/05/2024,2.32
22/05/2024,2.33
23/05/2024,2.3
24/05/2024,2.32
27/05/2024,0
28/05/2024,2.34
29/05/2024,2.36
30/05/2024,2.36
31/05/2024,2.35
03/06/2024,2.33
04/06/2024,2.31
05/06/2024,2.3
06/06/2024,2.28
07/06/2024,2.3
10/06/2024,2.31
11/06/2024,2.27
12/06/2024,2.22
13/06/2024,2.21
14/06/2024,2.17
17/06/2024,2.22
18/06/2024,2.21
19/06/2024,0
20/06/2024,2.25
21/06/2024,2.23
24/06/2024,2.22
25/06/2024,2.22
26/06/2024,2.26
27/06/2024,2.26
28/06/2024,2.28
01/07/2024,2.32
02/07/2024,2.3
03/07/2024,2.27
04/07/2024,0
05/07/2024,2.28
08/07/2024,2.27
09/07/2024,2.26
10/07/2024,2.27
11/07/2024,2.25
12/07/2024,2.24
15/07/2024,2.27
16/07/2024,2.26
17/07/2024,2.26
18/07/2024,2.31
19/07/2024,2.32
22/07/2024,2.3
23/07/2024,2.29
24/07/2024,2.28
25/07/2024,2.28
26/07/2024,2.27
29/07/2024,2.25
30/07/2024,2.25
31/07/2024,2.24
01/08/2024,2.2
02/08/2024,2.04
05/08/2024,2.07
06/08/2024,2.12
07/08/2024,2.11
08/08/2024,2.12
09/08/2024,2.1
12/08/2024,2.11
13/08/2024,2.09
14/08/2024,2.06
15/08/2024,2.12
16/08/2024,2.08
19/08/2024,2.07
20/08/2024,2.07
21/08/2024,2.07
22/08/2024,2.1
23/08/2024,2.13
26/08/2024,2.15
27/08/2024,2.15
28/08/2024,2.15
29/08/2024,2.16
30/08/2024,2.15
02/09/2024,0
03/09/2024,2.11
04/09/2024,2.07
05/09/2024,2.03
06/09/2024,2.03
09/09/2024,2.04
10/09/2024,2.02
11/09/2024,2.04
12/09/2024,2.05
13/09/2024,2.08
16/09/2024,2.09
17/09/2024,2.12
18/09/2024,2.12
19/09/2024,2.17
20/09/2024,2.15
23/09/2024,2.17
24/09/2024,2.19
25/09/2024,2.18
26/09/2024,2.16
27/09/2024,2.15
30/09/2024,2.18
01/10/2024,2.19
02/10/2024,2.21
03/10/2024,2.21
04/10/2024,2.23
07/10/2024,2.27
08/10/2024,2.27
09/10/2024,2.29
10/10/2024,2.33
11/10/2024,2.33
14/10/2024,0
15/10/2024,2.28
16/10/2024,2.27
17/10/2024,2.3
18/10/2024,2.31
21/10/2024,2.31
22/10/2024,2.33
23/10/2024,2.31
24/10/2024,2.3
25/10/2024,2.29
28/10/2024,2.29
29/10/2024,2.3
30/10/2024,2.34
31/10/2024,2.33
01/11/2024,2.33
04/11/2024,2.28
05/11/2024,2.27
06/11/2024,2.38
07/11/2024,2.33
08/11/2024,2.35
11/11/2024,0
12/11/2024,2.35
13/11/2024,2.35
14/11/2024,2.33
15/11/2024,2.33
18/11/2024,2.34
19/11/2024,2.34
20/11/2024,2.35
21/11/2024,2.34
22/11/2024,2.34
25/11/2024,2.29
26/11/2024,2.28
27/11/2024,2.26
28/11/2024,0
29/11/2024,2.26
02/12/2024,2.26
03/12/2024,2.28
04/12/2024,2.29
05/12/2024,2.25
06/12/2024,2.24
09/12/2024,2.27
10/12/2024,2.29
11/12/2024,2.3
12/12/2024,2.32
13/12/2024,2.33
16/12/2024,2.32
17/12/2024,2.31
18/12/2024,2.32
19/12/2024,2.29
20/12/2024,2.29
23/12/2024,2.32
24/12/2024,2.35
25/12/2024,0
26/12/2024,2.35
27/12/2024,2.34
30/12/2024,2.31
31/12/2024,2.34
01/01/2025,0
02/01/2025,2.34
03/01/2025,2.34
06/01/2025,2.34
07/01/2025,2.38
08/01/2025,2.4
09/01/2025,2.39
10/01/2025,2.43
13/01/2025,2.45
14/01/2025,2.44
15/01/2025,2.42
16/01/2025,2.42
17/01/2025,2.41
20/01/2025,0
21/01/2025,2.38
22/01/2025,2.4
23/01/2025,2.42
24/01/2025,2.43
27/01/2025,2.4
28/01/2025,2.42
29/01/2025,2.4
30/01/2025,2.38
31/01/2025,2.42
03/02/2025,2.45
04/02/2025,2.44
05/02/2025,2.42
06/02/2025,2.42
07/02/2025,2.42
10/02/2025,2.44
11/02/2025,2.46
12/02/2025,2.46
13/02/2025,2.44
14/02/2025,2.43
17/02/2025,0
18/02/2025,2.45
19/02/2025,2.45
20/02/2025,2.45
21/02/2025,2.42
24/02/2025,2.42
25/02/2025,2.38
26/02/2025,2.36
27/02/2025,2.37
28/02/2025,2.38
03/03/2025,2.36
04/03/2025,2.35
05/03/2025,2.34
06/03/2025,2.34
07/03/2025,2.33
10/03/2025,2.31
11/03/2025,2.31
12/03/2025,2.33
13/03/2025,2.29
14/03/2025,2.3
17/03/2025,2.29
18/03/2025,2.3
19/03/2025,2.31
20/03/2025,2.31
21/03/2025,2.33
24/03/2025,2.36
25/03/2025,2.35
26/03/2025,2.37
27/03/2025,2.39
28/03/2025,2.37
31/03/2025,2.38
01/04/2025,2.33
02/04/2025,2.32
03/04/2025,2.28
04/04/2025,2.18
07/04/2025,2.19
08/04/2025,2.22
09/04/2025,2.27
10/04/2025,2.19
11/04/2025,2.2
14/04/2025,2.23
15/04/2025,2.19
16/04/2025,2.17